-- SAMPLE DATA FILE, REPOPULATES EVERY TIME PROGRAM IS RESTARTED.

INSERT INTO CLIENT (FIRST_NAME, LAST_NAME, EMAIL, PHONE, STREET, CITY, STATE, ZIPCODE)
VALUES
  ('John', 'Doe', 'john@example.com', '555-123-4567', '123 Main St', 'City', 'State', '12345'),
  ('Alice', 'Johnson', 'alice@example.com', '555-987-6543', '456 Elm St', 'Town', 'State', '56789');

INSERT INTO OFFICE (OFFICE_NAME, STREET, CITY, STATE, ZIPCODE, PHONE)
VALUES
  ('Baton Rouge Office', '456 Highland Rd', 'Baton Rouge', 'LA', '70808', '225-123-456'),
  ('New Orleans Office', '789 Canal St', 'New Orleans', 'LA', '70130', '504-987-654');

INSERT INTO AGENT (OFFICE_ID, FIRST_NAME, LAST_NAME, EMAIL, PHONE, LICENSE_NUMBER, DATE_HIRED)
VALUES
  (1, 'Jane', 'Smith', 'jane@example.com', '555-987-6543', 'A12345', '2023-10-31'),
  (2, 'Bob', 'Johnson', 'bob@example.com', '555-555-5555', 'B67890', '2023-11-01');

INSERT INTO PROPERTY (AGENT_ID, PROPERTY_TYPE, STREET, CITY, STATE, ZIPCODE, LIST_PRICE, NUM_BEDROOMS, NUM_BATHROOMS, SQUARE_FOOTAGE, DESCRIPTION, LISTING_DATE, STATUS)
VALUES
  (1, 'House', '789 Oak St', 'Baton Rouge', 'Louisiana', '67890', 250000.00, 3, 2, 1800, 'A lovely house', '2023-10-31', 'Active'),
  (2, 'Apartment', '123 Pine St', 'New Orleans', 'Louisiana', '54321', 150000.00, 2, 1, 1200, 'Cozy apartment', '2023-11-01', 'Pending');

INSERT INTO TRANSACTION (PROPERTY_ID, AGENT_ID, CLIENT_ID, DATE_SENT, AMOUNT, TYPE)
VALUES
  (1, 1, 1, '2023-10-31', 240000.00, 'Down Payment'),
  (2, 2, 2, '2023-11-01', 130000.00, 'Buy');

INSERT INTO APPOINTMENT (CLIENT_ID, AGENT_ID, PROPERTY_ID, APPT_DATE, APPT_TIME, PURPOSE)
VALUES
  (1, 1, 1, '2023-10-31', '10:00:00', 'Viewing'),
  (2, 2, 2, '2023-11-01', '14:00:00', 'Consultation');

INSERT INTO IMAGE(IMAGE_ID, PROPERTY_ID, IMAGE_DATA)
VALUES
    (1, 1, X'FFD8FFE000104A46494600010100000100010000FFE20C584943435F50524F46494C4500010100000C484C696E6F021000006D6E74725247422058595A2007CE00020009000600310000616373704D5346540000000049454320735247420000000000000000000000000000F6D6000100000000D32D4850202000000000000000000000000000000000000000000000000000000000000000000000000000000000000000000000001163707274000001500000003364657363000001840000006C77747074000001F000000014626B707400000204000000147258595A00000218000000146758595A0000022C000000146258595A0000024000000014646D6E640000025400000070646D6464000002C400000088767565640000034C0000008676696577000003D4000000246C756D69000003F8000000146D6561730000040C0000002474656368000004300000000C725452430000043C0000080C675452430000043C0000080C625452430000043C0000080C7465787400000000436F70797269676874202863292031393938204865776C6574742D5061636B61726420436F6D70616E790000646573630000000000000012735247422049454336313936362D322E31000000000000000000000012735247422049454336313936362D322E31000000000000000000000000000000000000000000000000000000000000000000000000000000000000000000000000000058595A20000000000000F35100010000000116CC58595A200000000000000000000000000000000058595A200000000000006FA2000038F50000039058595A2000000000000062990000B785000018DA58595A2000000000000024A000000F840000B6CF64657363000000000000001649454320687474703A2F2F7777772E6965632E636800000000000000000000001649454320687474703A2F2F7777772E6965632E63680000000000000000000000000000000000000000000000000000000000000000000000000000000000000000000064657363000000000000002E4945432036313936362D322E312044656661756C742052474220636F6C6F7572207370616365202D207352474200000000000000000000002E4945432036313936362D322E312044656661756C742052474220636F6C6F7572207370616365202D20735247420000000000000000000000000000000000000000000064657363000000000000002C5265666572656E63652056696577696E6720436F6E646974696F6E20696E2049454336313936362D322E3100000000000000000000002C5265666572656E63652056696577696E6720436F6E646974696F6E20696E2049454336313936362D322E31000000000000000000000000000000000000000000000000000076696577000000000013A4FE00145F2E0010CF140003EDCC0004130B00035C9E0000000158595A2000000000004C09560050000000571FE76D6561730000000000000001000000000000000000000000000000000000028F0000000273696720000000004352542063757276000000000000040000000005000A000F00140019001E00230028002D00320037003B00400045004A004F00540059005E00630068006D00720077007C00810086008B00900095009A009F00A400A900AE00B200B700BC00C100C600CB00D000D500DB00E000E500EB00F000F600FB01010107010D01130119011F0125012B01320138013E0145014C0152015901600167016E0175017C0183018B0192019A01A101A901B101B901C101C901D101D901E101E901F201FA0203020C0214021D0226022F02380241024B0254025D02670271027A0284028E029802A202AC02B602C102CB02D502E002EB02F50300030B03160321032D03380343034F035A03660372037E038A039603A203AE03BA03C703D303E003EC03F9040604130420042D043B0448045504630471047E048C049A04A804B604C404D304E104F004FE050D051C052B053A05490558056705770586059605A605B505C505D505E505F6060606160627063706480659066A067B068C069D06AF06C006D106E306F507070719072B073D074F076107740786079907AC07BF07D207E507F8080B081F08320846085A086E0882089608AA08BE08D208E708FB09100925093A094F09640979098F09A409BA09CF09E509FB0A110A270A3D0A540A6A0A810A980AAE0AC50ADC0AF30B0B0B220B390B510B690B800B980BB00BC80BE10BF90C120C2A0C430C5C0C750C8E0CA70CC00CD90CF30D0D0D260D400D5A0D740D8E0DA90DC30DDE0DF80E130E2E0E490E640E7F0E9B0EB60ED20EEE0F090F250F410F5E0F7A0F960FB30FCF0FEC1009102610431061107E109B10B910D710F511131131114F116D118C11AA11C911E81207122612451264128412A312C312E31303132313431363138313A413C513E5140614271449146A148B14AD14CE14F01512153415561578159B15BD15E0160316261649166C168F16B216D616FA171D17411765178917AE17D217F7181B18401865188A18AF18D518FA19201945196B199119B719DD1A041A2A1A511A771A9E1AC51AEC1B141B3B1B631B8A1BB21BDA1C021C2A1C521C7B1CA31CCC1CF51D1E1D471D701D991DC31DEC1E161E401E6A1E941EBE1EE91F131F3E1F691F941FBF1FEA20152041206C209820C420F0211C2148217521A121CE21FB22272255228222AF22DD230A23382366239423C223F0241F244D247C24AB24DA250925382568259725C725F726272657268726B726E827182749277A27AB27DC280D283F287128A228D429062938296B299D29D02A022A352A682A9B2ACF2B022B362B692B9D2BD12C052C392C6E2CA22CD72D0C2D412D762DAB2DE12E162E4C2E822EB72EEE2F242F5A2F912FC72FFE3035306C30A430DB3112314A318231BA31F2322A3263329B32D4330D3346337F33B833F1342B3465349E34D83513354D358735C235FD3637367236AE36E937243760379C37D738143850388C38C839053942397F39BC39F93A363A743AB23AEF3B2D3B6B3BAA3BE83C273C653CA43CE33D223D613DA13DE03E203E603EA03EE03F213F613FA23FE24023406440A640E74129416A41AC41EE4230427242B542F7433A437D43C044034447448A44CE45124555459A45DE4622466746AB46F04735477B47C04805484B489148D7491D496349A949F04A374A7D4AC44B0C4B534B9A4BE24C2A4C724CBA4D024D4A4D934DDC4E254E6E4EB74F004F494F934FDD5027507150BB51065150519B51E65231527C52C75313535F53AA53F65442548F54DB5528557555C2560F565C56A956F75744579257E0582F587D58CB591A596959B85A075A565AA65AF55B455B955BE55C355C865CD65D275D785DC95E1A5E6C5EBD5F0F5F615FB36005605760AA60FC614F61A261F56249629C62F06343639763EB6440649464E9653D659265E7663D669266E8673D679367E9683F689668EC6943699A69F16A486A9F6AF76B4F6BA76BFF6C576CAF6D086D606DB96E126E6B6EC46F1E6F786FD1702B708670E0713A719571F0724B72A67301735D73B87414747074CC7528758575E1763E769B76F8775677B37811786E78CC792A798979E77A467AA57B047B637BC27C217C817CE17D417DA17E017E627EC27F237F847FE5804780A8810A816B81CD8230829282F4835783BA841D848084E3854785AB860E867286D7873B879F8804886988CE8933899989FE8A648ACA8B308B968BFC8C638CCA8D318D988DFF8E668ECE8F368F9E9006906E90D6913F91A89211927A92E3934D93B69420948A94F4955F95C99634969F970A977597E0984C98B89924999099FC9A689AD59B429BAF9C1C9C899CF79D649DD29E409EAE9F1D9F8B9FFAA069A0D8A147A1B6A226A296A306A376A3E6A456A4C7A538A5A9A61AA68BA6FDA76EA7E0A852A8C4A937A9A9AA1CAA8FAB02AB75ABE9AC5CACD0AD44ADB8AE2DAEA1AF16AF8BB000B075B0EAB160B1D6B24BB2C2B338B3AEB425B49CB513B58AB601B679B6F0B768B7E0B859B8D1B94AB9C2BA3BBAB5BB2EBBA7BC21BC9BBD15BD8FBE0ABE84BEFFBF7ABFF5C070C0ECC167C1E3C25FC2DBC358C3D4C451C4CEC54BC5C8C646C6C3C741C7BFC83DC8BCC93AC9B9CA38CAB7CB36CBB6CC35CCB5CD35CDB5CE36CEB6CF37CFB8D039D0BAD13CD1BED23FD2C1D344D3C6D449D4CBD54ED5D1D655D6D8D75CD7E0D864D8E8D96CD9F1DA76DAFBDB80DC05DC8ADD10DD96DE1CDEA2DF29DFAFE036E0BDE144E1CCE253E2DBE363E3EBE473E4FCE584E60DE696E71FE7A9E832E8BCE946E9D0EA5BEAE5EB70EBFBEC86ED11ED9CEE28EEB4EF40EFCCF058F0E5F172F1FFF28CF319F3A7F434F4C2F550F5DEF66DF6FBF78AF819F8A8F938F9C7FA57FAE7FB77FC07FC98FD29FDBAFE4BFEDCFF6DFFFFFFDB0043000C08090A09070C0A0A0A0D0D0C0E121E1312101012241A1B151E2B262D2C2A2629292F35443A2F32403329293B513C4046494C4D4C2E39545A534A59444B4C49FFDB0043010D0D0D12101223131323493129314949494949494949494949494949494949494949494949494949494949494949494949494949494949494949494949494949FFC2001108019E026F03012200021101031101FFC4001A000002030101000000000000000000000001020003040506FFC4001801010101010100000000000000000000000001020304FFDA000C03010002100310000001EB9366A522F8526E050D30EB3AF05B97B7352075E4548A80C410C049080C0190825846DD3975E7230EBCE404B75E4B7974D9650FC7AE835BE34E0181CCEAE2DE79B6684EFCB450FAF974A77D2FCF4C41CE991E1C75EAE7EDCF9E9D1CFD31926DCFBCD508D664908412490921891C283210348250AE909672DE8B323F3DEC38CCBB0E5B735F3685AE2AEACDECF28846A08602180060218006208411D197566B73E34449BCC040F767B73AD5757A3CFD8C64C6A57933F5E7D5CF8F6CB5ADD6197697C6A387C699D6C9555AA170F4F3EF386AD7775C7397A79359CB08E9CE49092101908640952A230249A25A8E9AF1AAE2AEB2F76586D5A6DE7BADAAAF78DEF84E742A23AF310CB00600860248084508602109248B24049210302595D99BD27C49E5F4E84A8E34B55B3595D76F2737AB8DD96B6AC1668C725EEBF17AC8F55AA51656F608F4098B663EDCE88CBDF9486249210C843689A8A56194CA969DFCF499F6272E982BD1477E490CDE0424B5EBDBCBAE5A3AF4E5CB8E3BF258622C32846501964B5CE8578DE19A28DE16116086024849210180B08E3D98A4F37668A43751D233E1633557679960A9D2E6DCB00CA2CA98ECDFE7FA06C3584BAB5962D945949CCECF2FAF3A219DF9420C38114C11180239AE4BAD6899D6FB31D58D1553D79A43359965665B76603CF7D518ECE3D5B3EA1672A68A7D3C16116406018135DB91F8F5D14DAB9D7383AFA380860B08B030DDCF786CD3878F5680F2EB0AC1A2684D79356255BEB934F55825DB9A9EA5C72485A68B078B0D4F9ED4A6CD19FBF297E5D3A9B285CD8D560CEFC6490301248492421909219419090C1619722183248B69A666EB39573ABAA0378108B24900642F7CAF8DEBCD125AC19D7989202192D9A2D5F1FA1336E69AE4C42A6403750604051E6E581A55754058B4275397B9F58E6CB6A5253A45D4DEE94E6D72CE7BA0F4F0751350C06A48486421922430063C21B8CB4432C1082492C10C410CA1082030108043000C049010C0030108248668DF8AFF0027A274736C9664DB94CF92FC32DFB79B5475ABC725B6ECF75B6D5A3376E365B5DB9D672CBCFA58705726EC99E6A749F16E8DB72B6F29CBEBF3E54AB9EE6DBE9D9DB9D54589D39C65364BE7479EE9CFAEBC6F04B13BF297D2F9B769A34F1EA983A79ECC43451DB90865C886021952EA2674D65661C557AD075572E71A6D39F2C4E9CC49010C00279EC5164E1DF22E91975AE6E76F3D11CAEAD9CAF3BE870F3DA73FAF9D74DCD72D36161E9D79FBF9D98AE76A96A71ED5727A998E56E7D1738BD3F17AD6599EAC7DF8F68E4D5CBA796BB72E755D8EC490F4C2987B72BF6735B1AD6D8995924D66EADC4ADA72097666AC215337990C458C010C00614218086428714B180B180B1888F2DC6A9AF753E7EF966E98B8AFBECB1F9FD1E6F7E49D4E575ACCF8BAFC6F376B0745179B6C6BA169A6CD9765B3A73D3CFD39B36536598E99269256DB1D9C3B19B539F8F764F4F9F6EACFAB8F5E657D45E5BE5374C2F39F5D7D314B9B7B73A0E86CDCF65865A56EAAC4926F3248492208606341634143816301634161800600194030401A0B1A2ADF9F473DEA30F2E80980E674F0EF19BAB83A1ACD5C3E9F0FCDD3D5AC3D2F2E69A73BB134D759175D72D1746257BA264B92D34B06D624CF7987174E8EBCACD9974F3E915D655575ACF5DA3A73848CEAE6A2DCEAF15881026B35A99D79C9082180861AAAB873E94471BC2468248500614B180B0C1630410ACB22578DBAC5E7D46BC3BCDD0CB90642A4D30CC34838FCCDD879CF5401E97961D31D2D812AC15E34EB558B5ADB4D954A9B79FB8DAC956F962E970BB79925A7568B1A11480022A85B2BDE2192C96D520A99A8B09043010C0468086161931A8ACE555DD862CD5CDE94D5749E7A741F06EB206A352DAEB18D93567E7BDC39617AD39F59D2D7C2EB59D3926B3010190101079BCFA73729E96DAACEB78E371CF4C6BA58C34F5B3C63B2EB4024AAF5E4D49B326AE76B9F2FD0F9BEFE1BA29DD32024808AC0A92D5DE163505C9869C6BA872ECDE5634B163110B41638558CC34599A58495B97D0E2C93AFC4BF3A15D766759F773EB3B0FCCD0BAA6115B531DE6BCFAE9B6A68D035F3FA766D826B060810B031563CDA2D7CE77FA1CBE9F4BCE517CD8739AB5E7AD24D4B9996E473358F5A3D9BB97D4F3D7957DAE0F670EA1ACF4AF108D0420904806B39EA9871B353538B67479FA6BAC69B7A6080D421040549556A744A990958A9E73D1F99C3451936E36D5569569544E86BC1BAEABAEE5A5124B7DD9EDAD13A12E383D1C1B65DA08B9924AC78AEC2CEB7C17C7311EAE7AEF69C736CFA733CE870747CE5CF50F214EC2F294ECF5397D594594BD6DF3BE87CCB98DB8ADC9AEE65DD1A3D1F89F6D2B482A420E79BD41CAB70E4F7D225B2C3B6B4CB06F2843115338F5B1511A1D18AD2419315757CAF4F91CD78539DD5621AAF4E6BAB66AE4E897A15593552141EDA9E3B441D73E1EEC3B1AD924B912439D9B5D53396F6B5381558B8DEB7452EB39FAD75F9FEF71749475B9632ECCD5D4DB9F46775DCB4D9D5F3D6D339E6B874A5E2DDD96B7CFF00B1E4F5B51A49501861AAEE2F3BA3074312D4C8E9AAFE75ABD4565E903AD45E8956757ACB5693789516A1AE52CAECB673BA18F99162CB2566CBA66E9559BB1A5BB196B9A60D555E0684E91C98F943A39F5F3BDE98AFEF8B96BA31A6CF079B599AFA3D18C54B26E59557652EEC972F5783D8E3E9D8E1F6B8C9D1A6AACEC5A9637931D95672EAB54965F97555E436D57A2F3DDF1E290906B0707D0E4CDE5225795D7E48687A25766CE28D3B43852BADC1D3234EFE3C5EA27341B80547B68B45E6F539783D7AE82BBAAAEAEE973E17EBC5D66965C1730BD04E81CFE5B764CF2652E95EA5F7F27A19BA133E78D75D597A4D56E55B2B017AC70541654F5D0E5F7BCE6EF4B9F5A26FA6807A6AACA66F36723385097525D9AC937DFCDD3CAEA61772DD3723674F6D59CBC265B37F3A8DDB9C2B7A1AFA4E0BE91B958D934C4342ED516424812410D57F47172A2BE613A1326E173EBC722D1AADD5C02C86BD35AC69AF92D5D8E870F470D6DE6308AEDA346F3B9B06DE3BCBAF151B97E7E963D4E6F4125C50E59112CAEAA59575D5B62DE75387D71AD71477E1C11E848B56991C736E3CE63AC1EE45E79B92245A29B575D38AE6BA3673CE75AAFE48AEAB7379A7A39C8B32E8262D5D247C49A9D9DBE73B335AD286B5ABB5AB1D7D274C155CBE7CD297E2DD196E1DB4F49223DAA669A09555A1931BEDBE5E651D8493975F56572F5DF2DCF9B68931AF4ACB69AB5AC654D94B198E92B8A6FB0E537598E3DDD4BD336AEA8DDE68E9097989D75391577E93CB57DC5C6784BDD96F257AEB1CB4E9D95C77EAD672DBA917983AC0E753D90719BB10E3DBD50725BAB0E29ED439DD5491A429C1840431954C1CF0448A608420A420D12A15C2C1C2C0C11088420402D829631B556C02B80335711D54C15301B71F5F610CEC92424845858E39D387CEB65732B156531483B57070A5481060A29A0032984060B1A22B48A55C108282491D5386756E98EA3A3314AD931C361C40DD311364C4C6B991AB54CC0D5320364C70D87118D8704ADF302474A73C1D01801D03CF86F3821D05C24D8B945BB66306D6C04DD3114DA3132E8AEBAA368C50D4B9C1AE652691491E2C09488F120C21B48909244301890B52168572C073201E78606A52E16B66224782C8124160240AE5253A4219008D6288C40A4AC30900C20206013001D69632C10AD569ACA98806809257605948AA6124AC65588E2B72C3438CA542401A155314A3357060B2462B066AE55F2B12B456210F4A619419001E52C902D5B0CA152C08C00E01600A40243582E09070243156A35B28C85480D723B57076A342884534430408125298081524ACB414875A9E28C16210502CACA9634409693397892430A4C1C0369222158D0D2B96B80063512E9530CA40180430195A570622122042C846825A6248775350AA4B628048C10428B6148388D54B391434103810C52C8182A24595302238452D16B16B14AE91559710245430C22B11646AA1A2E72C6A218B29A212D11D454C0B14223A2C8678D48EE1509823101ADE84630901A867471ACACAD8290586A25C95C2C475A68816E6CEC5B2B7585551A0823842F0090574C6B196F1A083057A56AC1744680540ED8D7A5DE3384D4D9F4C1595CCDB3A13AEB9CBD363947A80E7374018C6E8619BA1CD5EA44E5BF484BCE3D0873874E1CD9D2873474A1CD3D1272D7AB0E50EB43907AD0E657D7871C766B8E2376DCE10EF4388DD88BC51DC09C31DE07167642F157B813847B80E33F604714F5C9C26EC8388BDC0729BA50E72F449CA3D3273E6E630D7D1531D7D13B606D2EB83A48D272ADD371FFFC4002D10000202010303040203010003010100000100021103122113103104201422413032332340423424444350FFDA0008010100010502A69A69A69EDD24E5AE83F38C64B189B977EB1DCC3A0F566FDB49637132DC47092238031000FBE928D89619091C6E929FF1EA34104741D6BACC6DC949C89EFF009E2C68449147BF5058C907A0F4E51162CEEF17407D523422432211089154CBBFE2ADBD411D2D05B6FD12C71A3B1FF04591A17EA89E91E96EA4CB613DB2F7AA4D963120A3D538EA12C54984882641B2527FC5B740505B6DD489225D0B9AAFFC01D57EB877D28ED490CBB594222721168406BA8E85BA2C86E2650EC19C623F2D758E378D3048AE824EA6D2DBA98C8A67B4F73FE887EC1EC9F237398975968B112D59A430C67F3C7C991E4CCF266793338B3146FD64895F4A6995333F8C0D8B7D63DC6CCBBCAFD024F712E824EAFF005034E39323ABD1D9C31D10CC75CFC5C94E6871CFD10CA60C2424128EA669A9B38D35F82314D7A610B31880900A718651D3EA80D48C76CB1493123F1016D7E78C7626DB6FAE18724FC9C9D3F463A73623719237EB09981C7944FA5752022110D338D022BD3B7ABFE4520D3C85812594A848D9F4531058869C91B8D7E18EC446D30A33857E4D342FA7D74DC9969C388FC8E92816714B44F3C35C1FAAE9F62E2E3CDA9B753AD324E40112053BB92247E7E4A4C89F5C76627A1480E580AFC18E49DD019E3F8FAC0B3F7B41BDFEBAFD78F0D31C92D731DA8B6FD609B9F1E89FA37E90C96C31F28F9465AD26D11A63DB2487FA048A24512BEB93BFA877D2EF41C9747D78871E3CA36F47D3871F264CF3BE91D8ECF61B225A58E9CD8E57193BFA31C3967965AB2E48F242E062C048264432367FCD7D049BB2249986647E08CBACA77EBC50E49E53A8E03A5C90E29B7D2DDC9F8E0C427BA1EE8BBA29EF8F254BC887243D1BBA78B1E962749CD0D127596CFF00B2FF001893AD91BF56ED71C0074A63CB8F7077BDDDEF162E119726A96C5A4D3A6E26D3B90235AA37E3E78EACB8605D1329B0DBE3434C7B9A48451062612FCDA4D0C64A71487FBE91A7088E6D5203A65C9C4CF8F3A6262232D33E3C8F148BED832808C89011DEA05887FE6425A61084A3C78DD189970C05E90054A52F2252C77A590DA7872D9E69437D6C6169C5D29AD9C7DF4C64E4808FA0498C98B3882915FECD83AA3A81C05C7A11D3308A4E2032CA09F90E479255AA48DFA7FF008870FF002D0D474EA9D8067953924EBB9E4C80CF1792652BCA50D8E93E4D73F28B867AE119EE24991BEB8C59AD8B2349EA18B5D34FCA67F0ED55BD04694C6DA6902DAFC26A23EF2C44C78B127C88E311E9BA458F32021E3D4986D8FE517082716821C71098946D84170FF2D7C8C6D2F77CB044E23E538093E3434F940322223DC4589041A651F942C3DD04840B6BAE2953AC32922AA43A71B48D9134E40999FC97D2276D41951416C32DCFA7B3F74D262E28CC657348EBB3120DE3F2CEA9E840A6601716D0BD4EA0816E9FEAD1271408CB2BD43F6A34E7C7291187222192B8E6E1BE3F2BF6FF009F13B4C58960227C33463C8F1E478E6E8C81DFF009102FFD9A0A638E0FF53AB13AB13AB138E50B0E5FE634C3F872D02271E4E58A7286CC9FF9122002E3BD28EE7F6EC7EAAE20912D591D591FEC28EFE57EDF5E2F62CA392F4CDD192F44DD243A3A692D34E9A682453B7FB849B0446009E28BC3178A28801D337F3161FC0438EBDE6809807613A08D9EE2045021128824C58E82D890D1B402034D74F245C8035E3F421AEBD991BE9DDD1B0C6989B88D2CCBA4FF00FC0C5EACC7FB8961FC33956584EB374903C9189D48A65F363005E215B512EF5C7A46215E8FBF27F6FAF1BB7A67D34A1B41E85D29D85FFBA440701BF4972E399C8714D88AC5E45F2D1B88A8A09049F942D9941772E937A4EA86C2A0FC9C7D72CB49269C823378A158B4630083E99A075A2D17B0B7524FE194523FC6641B25D83E2FA65125D127449D127CD969C80575248CA46F1C84376351D319C432969751B8D965A83B918AFAF952ACB42438C3A03C7140A1E89F7E96875367F25A435E88EE3F11203ABAFD1EDE27E1F3BB8ED13716523706DB67B4BFB18924466EED07603076734B4E2F20DE7C5FC7F825FE3B6FAE4969C7E29BC54D3C9044A32F49953A7214464E893A26E89BC7278A4F8F031FC3E49FEDFF00AC3FC2CF5725C99174EA4C65197F6018419318A37352A24971760F966B05D9F1CDE0FC07D3290006E3F36969F2B6C7E1DB6E6350A1246912041099B2E9A62596178A57C6F0D818F6E22F851D23F0795BE4BB9E23AB1200BA6EDA9241A16E82672830B88EC00B71F4F37B1EFE2FFE3FE3CB2A89990C6B4E39C223D14D345D2D34D0E94D483653BBE5BE2CEA73BA95CA446E4D0C7331119093BB55D0BBDC75BF7B5002E5A0CBC4EDF832F7D4F852BC499CF5C67207E6643F636CB0940A06B5D1274BB81810F986E5A4BE17FE3FE2CC379C1D234C4D3121C24465EABE949901E9B7CA2659210D27365331FF007218F24BF5943548E312D67300FB88BEE229F20070CF5CBB831D8829880EA7C6EDE8D41D41D413300653F27C1FD58CFF00B6F4C8993CB089F761F7727DD1467813120931354438BB8734AF202757847FAB53A9D4DFA49A6DCD2B241A9EABF945227718D8C51D11B0EA7537D2D33D2CA7297A69C9B6399B86A74BAE87C89B151C9A4E1C6D428464E9A32ED8E32B1B2229C127824D07C7F47D67C871BEE669CF304E53723D3C3F8F8F1CD0927F7DEBC8BE369A69A71FF2196FAD8F70E61596869C53E2C27CDC97EE7357BCCA8FD7D1E46AD58E7226429D52C663132CB9779649EA7069E469A69A6933F5DB937C73D80D8CA722EBD68D5A8C43A4831965840FE81FBF9D8DC8AD38C7F674AD32F18D8EBF5E6743DF29A3DD876F0A4258A7F1CD1EFAC5E71FD73BE5A9BB86A547507C3EF56620C985D8731BC8CABDB8F94F3011E9F5E8CB11235F1CA0C2123ACF6919231EA8E1C2605D8A6710410594C04D93EBA67FACBE4740118949B6CB6884B263A3011909481E801A277DEF1DF2F4DC1F1CDFA3EBCB251AAF26ABC80F19DC025F1A5C719FC736AF98B3399D58E5FCF7F1C9FBFF00C6436F8619204AA051DBC8AE7B3A8EA1E3EACCCA596B5657EBD19CD4C4C6812C841B236120689CF3B866209B3D36B0EB8879A0F33CB275CDFEC4481E93CF44C8C92408E42C3E31EE2812D3094B1B2C9ADC425C82212D1021B1717F374269F17F5EBF5E5425371E2C819C244F1CCC08370DE3114EA6C3CA2E3FC5FF00D66275E4FE58C0FB6CC28F87DA851F8C0E5FEB12A84CA6AA3AB2438722716465832487A7C88091C93DE235B648F9991ED1DE5104C8588B42F8A288C43C98C18CA1363174EF547B196427A517244F1185C8C684810DEDD809D995649E1F1E6502301DD12DCEE63764CAB0FF002A1D1B60D23D123427F26440672969C5FCBE4CBFF645D5A6AF49938BF72069FF00ED007364FE78FF00E079B100F87FA0BB9CED96CF74D5861F21A435165115E9F2A9C91211394447740A3ABE3A74C63338DC72D51766E2E7944E1D127C5971BEE3127C8C4FB980625077B6D299B0DE32D81D9B32455F8F931E24CE5290CA652E8654EA75963A75E5C9A0CB24A4E79F1B8F3C4B8A64B298089589F710DCE88A716B47F5CFBCD913A840333A638A7A4720A23FF7063C5CF923528C07067888BE1FF16ADA44999A246CDEE36623E3D25DA520106DB1D73CA2253E22E50064B760D9792CC8912E4213227F08EE3BA0B3297B036C532D28DD978F238E1AA51C309463B807B11B311641119E5F94A13329CB24A796E8EADE3381374CF1C481E3D4B3634E69A67C9025FB1FB48EA24B09B806B8CCD79633439A66CC72FF004669EA3E17F11219C4863DCEF21B0D90189B7E3111CB04648E475C418FF63AB78E4A39278E6EB15A22E4F1C014E920B68FC63B8EF1B650324C6E47098C0A2AFEE32D2FFC603289BB4D23B6CE8265188899FCA598002048C31C728A4E6D33C7270E28019233632F964CD8C37193BBAE0997C74EA2244989A912253AF9E3DA19FF009FA0EC7BF85FC32FD49B49F87D4AC446E7B37261375610EB10328466FE91DA427338D023319213C6319227C84A31127260D58E58C1463D4C703C324E29074A635EB8445734220E535CB6EBD099D832893A76206A236DD84A104668BCB6F3C50759A00548328124EBA8C392033809CA4BFD99A44C314279277966D9A12D30C92D446304710B3A626F7A1A6CE98CCDE397F5E5848E6E39BC73744DE39BE11A864900ED19F768C2565DC18F7946C41D498DB1CAFCA138D8653136E689E872980840C40398440CA52316495D1E4104656126308CC7B70FB58BED43ED229F162FB58B58DCDC4596C4CB6C152265B98823244C185CA2310670A38B1DA316E71C28ED1C4390CFFAE58A674C753596A1AC886394218A0EA21CF3371D6838E23C8D2488C03AFE428CB55A656EA05122111258DB871932D7A0F304668BCB17962F2063958C4CB1CB4467A804975317507F43AB7077B2093B836EAD09C9F013A8C67A5F732D3965194B0E7118F3C2F9201CB9A0718312CA5BE3B2815175483CB379A48CC5E60D078E17C7078B1B404A52A3ABE3295A32483AB624B10C8CE848974144749C865372199272CDD5244B2B0C8446590C40CB24CF24D032096B3A0F9394BAB5475106F6338BAE9D5BC8163691361A9011DBB3ADE479773964CE792B7D52B4D974C9BDC48BA9913AB5975ED216C448195D516A5528489D1278CA71B18ED4520E8F9B7270E4D128E7816C75AEB7D0F699249B445D05E2142298C5D106B7D168C28C792B448BC2F01780D70D1D2E935A5D1078E2D04C43C50A3843C01E1884E10C70A309780BC08F1E2E3C3033A683A03C7178A0F1401D21CF1F8E88978609C117877E32CB0DBC08C443C6F09BD14F19AE22F0BC4F0BC2F0078407843C21E20F13C21E008C1174C40A1D2BAD35D29A0E98BA4341D2D74DFF00253A5D01D2E98BA434D7A6FA608FC69AF45349163B16BA574DFF0006FEAA1D0EDD3B75BE96DF4D41D41D41D41B6DB7507506C3A9D4EA7536DB61D41B0D86C3B74B75361B7506C3A836EA7545D41B1D3BA0698B6DB7E9CF1DF53A9BE9AA9D4EA6DD4EB0DB6EA7536DB6DB6DBA9B6DD482DB61BE96EA74C5D21D21D21A0D06A2E98A2310D0683B341A8B41A0D068341A0D07668341A0ECECECEDE8DBA6DE9FFAF5D262114D45D317441D10746378F1BC58DE2C6F0E278713C189E0C4F06278313EDF13EDF13C18DE0C4F0627DBE278313EDF13EDF13EDF13C189F6F89F6F89E0C4F3979CBCEC7251F70F3BCEF3BCEF3BEE1E779DE70FB80F387983CE1E70FB80FB80FB80FB87DC3EE43EE1F70FB82F3979CBCE5E72F3979CBCEF3979CBCEF3BCFF002E77DC3CEF3179DE62FB879DE72F33CAF33C81E57943CA1E60F307983CC1E78BCF179E2F3C5E783CF079E0F3C1E683CD179E0F345E68BCB17962F207943CB1EB7D3777E945A7496BAD74AF477EB45D2D076FC1F6F7E87AEED1F46E9E9DDA21AB4C5DC3BB5D6DB7E48DDAE9B74A0D341AEA29A69A770907D1A5D2D7A4B49437D6EFAD75D9AE9D9DCF5A0E91541D21A0E90F6E941DA881D076764EED076B76760EDD37B013B26DA74974C9A6A760C924BD9B2EA376D8492EADB5BA83A9B6FA13BDB5D4DB5D48EB4E9DA9ECEC5A6BA87BFABB3F5D9B6FA534D74FAEFD0976E97D076FB7B74AF4FD3D9FAB4A091D3BF43B74A74D35BD356D361EEECD068354EED1691D7EDAF451743A4BA7A16875A4EC3D1BF5AE945DDFB7E8B5D68DFAB769FAE9BB68E956E9AF46EEAE9AB705B07D1DDD290F6E965D5D474D9BEB6D86C57DFA41E9682F71EA1E8B6DDDDBAEDD3E9A7E834E84469DDAA49DEDBF486FA7D16BAF6447A0BEBF5D7EE9DBD56DB6FD6C93D03F568E9B36EEEAA44ADEFD7ED16DB7D011D07A2F6EB7B83E8FAE9DDA4F6AEB7D3749F5EEF61D036EF5D075A35DC51E9B55BA9B4362BBB548496DD56993768A0DDBBA7B5EDB83DFA4A5B5B76DED643AB70EFD4B6DF4B0DB7BDEFACD0F4D96524DBAA4C64FC6FA7DDEE4A4D36F7770EAA41B6BADBBDA4177A43B3F774EAEB48DDA74EE2212FD517EBA574AE87B5251E8D3D0976A110803ADB65D4DDB6C9D9D0E96A90805B777B3A9EFD3553A6DA48D924A0D36EED3D9EED20574EE3A65FE4C87548FF3CBF61F1C53D4194850999CBDA3ED36F68FB24F865F665F68FB52FB62FB62FB793C127DACDF6B91F6B37DBCEFDBE478323EDF23C195E0C8F065783227064AE0C8F0644E1CAF0E478323C191E0CAF0E578B23C799E3CAE8C898E4B109BA261A9D825D4EA4CB7B7506E2EA0DBB3F7DDBAE84D2496ECD27A5EDD905296DB416DD4E9B9E83C528CB94EB0C6044054923E186EEFA5B6FDF427FD9263DBF15074C5D317445D107445308178E0E88078F1BC38DE1C6F0627831BEDF1BEDE0F046BDBC2FDBC2BDB41F6F07DB45F6B07DB403EDE2FB58A3053EDCBC1261E3C8BEDE6FF00FFC40023110002010403010101000300000000000001001102102012302131034050134160FFDA0008010301013F01B930D6787417A517A874EAC4A00173404D29A78E59B10911C0126E11635A0ECEA8118112EB29A780062C2A65D9DD3C81A7BEEDA8400C6756317A69484DE9129A310E891951F3FF0067139F4D63297676B84550EC912918029F30A2992D340070173891084D5CBB3BB380A926F0D22072912991C1079C0969A6318B7D2B20C07E756DEDA300900BA4262D4D2916086A09180288476EAEA301F325000B5461A6A9C7E9EBF2B1BD559969322FFE3094550ED6E9984D4790322FF4F1F9FB6966D5832D162CDAAF5A3C6596A280EAC27F05349BD7E347B9CA6E6932D3E5CFAC7010C660128F9A042784F97ABCE0967397D43D229090EA4A28C0E738D59961D52308630D58CCE71716A8F5C0194E31C4594F0CB284FE3179B9B1CE70A5A8DE384075618CC31784B0816A85C614A790149965D8E748C26C194B398C0651CB2CA0A6D2CA59CA18CE5965965361DBAB058B00C3090C30F4F56861861D5D5D5E9E9965965E9E9D43ABAB02DD3D3D3D301F19659659659C259E18FCB3FD38FF008D9B4FF327F8E3F37FFFC400281100020201040202010403000000000000010011021220102131033013412251327140617081FFDA0008010201013F016594096958F4E651B593BF8CC1729E1935E02493DEE3C8517FD5169F4C25357161061A991E82D46F649D878E5230726D69D15B439435B4FA098720C26AE30E2FC68F616DC71B665B58941D74D33BDED0821AEF630D7C9A4BF220CEAF2793E87AE1E5F11D50E2E1CEE5B565C61061067411F6899D1E4BE21B79091AC68986B60436E9AD79F6E2E081A0D515DC986F6C8FB6A712822DAE5C87BCDA1BDE509652C9DA9404497C95C4F1B72867628243F24A276BDFE9A93B16CD6C83A084CA78722E6741F2009B13DED5ACB6AC69F1FED7CBDE9AD04361063694794A0C86D4971DB94D651503D9625352C1402F8FB7C9D360E277AC436DA1C5021AF4DFB717169549737247F42D61D6F4EDB9E13AA11BD6C006C64EE3A677E7482CB2CE936013E4FD1249D475D761DE91D3018F474944A6E7A6B67284DF40D71A427A6BDE9092E683BCB2CEF6E9CD9DA59D0350D556CD7BD45847A2CC7B0946C3686360D9AF7A8965FB659D56EFDBD8468059D824CA1928DCF7A4B2CEC046C771A6DE6830D6F7EDF9044B7F2C0E13692F86C3AD674CC76E4362C6E0ED0C31E93C37F249E1C7897FC06C0422A807ED15D0373A2D6B25FE1ACFD3FB8F28CAA53E40C841D3982C2422BA397C95B16A212384D40719444B632FF0827EF61A6363CB0C438C383F1A3C53C17E26B461E990C87FEB25AE474F0E4E4190F6C0DA0301E1E1C8398D05CC398643C3C32C8720E41C839072098D53E88635F8C7DE9B083AE59659659659DB30E41CAAE5572AB9D5CAAE41C8390720E41C8398730E61CC398730E41CC390720E41C8390643356433566ACD5E1E1E1FC5FC5FC5FC768FF4846BF8DC3971FD189EDC4388710E21C4388710E01C0380700E01C0380700E01C026A1C1C0383F1B83838383F1BF1B83838383838381797979797FFC4003A1000020004030604040504010501000000000111312102103241125120916171A1302281330340421350C1E1D1B182529223606272F143A2FFDA0008010100063F02FABAFD054A1189564387A142BFF414BCC7F5EFF228A23E5409918FE7D3C611825A8D5D3D7CC86CFD1CFF0029A5973EA7C3B8C9773323E62B7667D4565AE1D4FC5B17A94D1456733FF993B3919AD5FDA42E9FFD03D0ACB83B1B6D7AAE92DC6B020CA65BB87A7D157E8266EC2ABEAA2E88E9BB86B96D36778D44575AD44D97266CDD9963DB0A4B8E9E7D7EAE3E646EF6445E11C55B6AAB3657FEC8C6B843F5215A9B76E6B742384B1A7D453CD8AF329E4435C2B3DC371AE13E0FC5BB35D2358127D04CD4843D8AE8532DDE1874E0990D4DAB9D1E5FE469CD705483FAD97D1FE2B9B91F8D66B31D6A4FC787FEDB6641142B8C68463D8D97266CDD99716CFDAA6284AD91F8897AADD0A7E67D14CE9A1B2F2B3674D319E092CCE46CF3EA5CD91497053FAE1D19B76E6B4A13468448255723614DCDE11E66D2CB77F5C27F98526CFC35EEF1D9FB94995E58ECA4DDDA21DF756E872332863A9FCE158EC923A8AD89B5F2AFB6D7BA34665743761F8B72AB911C7F0EE93362EF67BFCF8FE43266DDEE37E96AD04B62EACDBC538459B76BD8F99BAE22D097A6B4AE847F18AFCDFEBFC99EDFF51A9953D0946157B8ABF997758C08FCB6DFFDB714C22EE6AA7C4667B8772BAE8A5BC8DD7477B13B7E5BBA1BE4474DD016D283C6975CFDCD9BAD5777361DB0BA119F14708C0914FC92A7FCA9C1CBA144C6AD50C53BAD89F0C5758B66131A89DCA5969F0ED81174EC4225FEC3EC5BDC7189B3516C48943D8F53425BEA2B232AB15AAE211784D62E0EE2B1DA89EAE7C55C77F05782243CDA79B1645D708374811E0B9A2651902D891BBFA92BBDC7B8BBBA1D148B65327AEE3A94BA9BCE9A2169413C2CC2371F711B706FAE328A2907C53C27F907F065E66F78A76E0EDD109AA0AEE86CC68B4264F050D371BFA0A5A1D4BA1D07E9722DA13813AEEC1CFC450573325DC8C971F0EE2D8A816F61170D31C2C8FB993C4CAB999573256F3276AF72B0F6FC9A1F867C3F13E1F89F0FC4F86885B6C30BABA93F017613D84CB96C5A7C3B4C96E199C449AF0285DB5BF0432841C767FA9098E0E26A6A6E10BB0A88B864F82A45CF86BF9154648912C6EC176C1F5C61B23A53740EB41C2098D3A7733A2B7A1A49448ED45904751F0AEC2A177934C2785487E42F8AEC17617662B9EFC695A94BA3D45B4AA34DD7A0FA19512445EDD3709DBB50EC28DCE2436BDC739EBC2BB6177911FC9EEA7136AD32B127B8B2182583EE52311BE8509123F6C212248CD1FD0758E36772A6748F8A87EB4E253F2BA54DDD8A1770D1C0CE673396F6162E8A11819ADE468FB62A31AB8124527B852E652F8FB1B51438BC6DE9C1FBFD747CBAB25CCDEF82EF26EC13C1A2541C4489A2977811AC70DA78BA4306F71716F6FC81BE09947C34AB2BB3FEC4ADE67DBCCFB799F6F33EDE64ED2E8C3DBC9BA2A351ADCA85BDB06BA9A772B42933D532364B0839A6663434E4668E1DC896F9D16457D0D352EC35F61F844A5DB2530F4D4F5BF62096C9551EE7A5BE66633328C75265FE4B87F910B7716BE983ABC2117828C8FD8EBE04D9FF00B24EA54785AB4C2DF329321B5DC8B6FA90AC7CB9F04B0B510DE51C19B0F4D62415B21752896F9954DBDCD93E5C318C3D88C57725523321B45DE4FBC4B486EC1A56B70665F632C1144E288AB2A7A54224364D161EABD2345FA8E5ED85AB711EA4373F2EDDA7046D6DBD9EE6D3BA1FA915544DAA1B357D7CA86BC54D0EA8ADB062BB4E86D47F0D7627EE42DD474AA3E15DCCF84FFD8F83FF00E8F83E253E5EC906E0682231F111751AEFC3AF235E46BC86EBC88780BA17F7C1A571EAB6D5D450D3A95BAE652DF132A2B6A2B1297F31111CF0B848747332B32B32B24F8F621166CA716F41589C4543F433908BF7F2372E2B99B4C5B30E66D5CA86CCA9CCDF03699E9235AC8D70CDE24127DDE11847D85D4CC89DA7DDC8BA7EFC2A0A31DE65B79B17A6DE6CD9697890E85B01DCC707299B4972230AF717470E2B51A40A5BE23C2FD2A4BA97B4EB1D4A6CFF00A8A0AD94647DBFEBC56ECC485D6BE46D282EA2BBEDD0ACF78B677426528B5170CC99E9E7E45DD8AE12A092503F823864B61D5444DC22D686BEEC93C20C8D29AEE2DD2B8C6E2EE1B7BBC5B476508902EB5C8B7F0FED993ABD081EE3EE7EE6A46387CA23D26512EF11C706BAE0A3FE5FA1B855D25C6A3735EE4224BA1283E84230EC7EE2DF0915B93C2840A14AB2BE4B2B236B563F53EA4B64D7A1D8CD55A106E441291A12B88F81FC118966E8E3175EC5DC36C1EACCC5BEA1B89B86E101BF61455070F6646D5DD9D98FBE0FB8B0F94523CC74E636E9836B7E09DADA8DC67BB996FAEE96F33DDCF8957422DC8BAE8A688B2AE044772731ECD8BD89BE64EEE64FC4CD84CA27C8C8C91A7227852A546C7D4F6DC6CE9A92EC772B336ADBA069413AADE4BC09786128F74460A1B8B69ACF1A57B8F86DD951A95B450B5B81B3B248E98454D089B5123BDC4FEE21B7A7F8977736A3A10EA7CA2343719A2E5537D3513C15B6ACA4BC45420D51F128A366E8D04E32521DBCA824CA2F7128AA6F28F915C23846856EB798F65C604708C4AC0D717551C20E657C0EC548DD521627DA62B6EB7D31ABDC35065684880BC08C76A1D0B7B9364CA8E1AF0AF491A3646D8C0B3B97248A12C287E8382D4FEF3FB4BBFF0021761437B3E51A8ED20687F07E82FE091225C56C6ED9110AA7821D8943B128C4835EAD08E39AD2E49A648BB6DCC75F024CA2C560C83911D44CA0A386D3B67481B76FCDD9D61112B1F7892C293C343E5C0CD03D17722D8B8F63D29C4AB784708C4841B8EACA405590F79D51020D57A1032DB52092D083FF00321B36C3646D7F9B46D6C945AB3E588DA9955AE14266D2DF0F26D889B63D9712BE18C63B2CFD4CCC9F96B835206851112DF99150D8A8EDB627AA29EE14573230B84FC30DC8B6122AC7725E95EC4398ADD982DE2FF917F420EEA9B36B488DDF321EE46DBE0FB1B575FB3FA9B341EF46ED7057E850DE2A1B4E10437BAE36AB0D98487FF9362B0A4A27CB35227EB8470A3C22E241789021B64F910AA654AB890DDD0FB63D51735750AC4AFD0B3652A9A3786A880E16A89988A513A9AFF7135EE54A28996D4FA1A266CFE27F6EF3343D877D9151DE285B03D76D4F85B42BAD8A46CDD7ECA5535BA27A2CBA07A9A8477550DC9A3A95F023B341C494890D6CECC342FEFC3F2CD481081210DFF53694B0DEB710D9990840DA9B21B2A9AC49FEE2CAFB91B9588A5D3DCC852EDE8D8B943C626C463FA1E99AC6AE184BC9DA70C7668437E1081168DC48992AEF3D3523A6E1892D4A38B2EDA8C7B94DA8B21470D1D45B5742DB4D7DC8DBF2E84B62D1E884E37C086CF89EAF612D88B2A88C66521046CBD7544148717515341506EFA389734A9132994CA652CB5CF710D06A27791B33C135EA230A11436E66845CF7A3D771E9B99F897457B4C85DA895B753A1EAF98FFB911D99EE4472915515DBC5B37C3A21EE35268A918A3EDE465B4CB69F0FC4C9712B89228E0523856343D291988C6850F533D3750AB5D8FD483B9C4A10DA4BB914E30D4DBFC355EA3BADBE7A31BBB66BAA209FB8E2D448EDD771EA5FA9B6ADA7226947A906EBBC492AEF812A9022C5C113B9570EE5D17FA9FB1FB1A7234E469C897815EE5D05B4513F7284211228ACCE84A1856313D30237D486CB43D875DCC7BDF422D38E943D5EB5D48DB6ECF42B18A1CEBA90B6CA9F2A0D4486A6FEF84309B2669C89224488EC994DC51D251C22488347428475291C2B029828C28420B913209BA90BD7B94BB0CCC8EA2772AF520E5C144509610C2A48CA8C848912451A28F92286F674C2A4686F2308922451538A44F0582E8D9949116899327C12C6274C2A4CDE5343692C206A4606522E64CD0CBE246065F0C2B84B0AB9E1FB959E323292455A3512D9C648CAB9196DE452CB7912444CA6BCC9934686446424642465665E09998CCC991DA64CA5C66F027E04C9F06BC52448CA8CA89224B09633F2A4891224654491225C6EEDFE44190DD84BE924CD7091AE32C246644D1344D1A1A1344F09AC664CD09A264CD0CC66268D091A1358CC99A1346984D199149896EF276913264D13E099334FA1A70C972248922489224B91246546544892248CAB9125C89224892248922489224491244912244BCCF6F264B91957232A32A325BC8C96F2325BC8C96F2325BC8C96992D3223E1A3E1A32232232232190C865F132F8997C4CBE265F132F892F132F8B32BE649F32448CA36F6ABD49194CA653292244891224CCAC91232B2448CA6532995994CA49122489124491244892246532918194CA6532994CA652465329A9A9A9A9A9AF91AE13264C993C664FC99704FE8B4F2A64F1A3264FCA9E34E0AF97BF8664F8A6431A4319F935F367C12E0AFD0489714B1A21704DF955E3871D31A612C29E44BE9A848A791525C308714F861E4EA50AE3AF1478618D0E9C51FA49791BFCA9714B8226A4BE8A5C10F367C55C23E64630E09F99A70EFE3813E0A6332786EF3B77913238538E5C13F32BC1FD0AF0662ACA71470837C31674C2BC12C264F0AF14C813E05C51C377053CAEC5386701530FE4979153A62E90E18430A63042C63C33E09610C6786FE09FB1327C51266E2253089465563BCFDF8B6B41F62D6EB6EA5D0BA27AAAB789DD7A62DD1A1F1199FC0CE7C4F03E22E47C4F02BF33C0F89E07C4F033F819D7233AE47C433A33A335A66B4CC89DA4ED3EDE64ED3ED26B99F69F69A125CCCAB992F124BB1224642BF2D991C3B14B5F232BE465F02449E11D309F910A94C229956CDD8578F426B098FADA25AC46F662285B150ADA5CA157A115280BB8BF2F92248CAB91957232DBC8C96F232A2B6A32232A32232994CA6BCCD799AF335352771366A4EE2771A9364DF233BE467F0297C1EF2B72A3268FFC400291001000202020103020701010000000000011100213141516171918110A1F0B1D1C1F1E1203040FFDA0008010100013F21FA2D94BB28B2ED46E96570E7E90E6BFF00385A91F42E431458ABCE3E9A28C6692D863EA1FA4FD1D5918D91C51C2153CAAE903A2C3CCBE2800405409167E87124D410149A19A1384564075CFF00DCFA67E92426AF362E0CFD4589A41AFD165154B151337397FE019CD81A974E5FE08D62F0508A3F41F49B25539DD31930A3249115C9BCD18FA034FACD246A244F9A030BD11F3418E029151FF3212FF18B8FA6D4473488A7D0C6C7E9056A70628607FF000C273624A3E6AFF8337A354C6689B31F420E6F6A872CD1242CE01C1C5E3586E62834452943E8DD891EEA68CF8A0707ADC0618E4A2B4B667FE6573FE5269D06E63C5C91AFA02FA30FA20D91A280FBFF00C2C196A035FF00262A98DCE9C2C79B1166CA98A2CE4CD6E1ED0EF82EA0058051F51143E83E8711FA3348CAA2990BD650B1589C7FD24D8A12C165E33D551DB7AABB86CD8287E8D315653CEF2AC54F29FF00A75544628C3362809D221B8CFB85567F29667F6554233A4CA3ED709C24F959E4011DB48260BCC9B87F24366270FAAADF94A983CF6EEA323EA798D535F472E2A2894F373447FCF6B1F408D5774BAE32D8E19ACED737D1669F4268B393E8855BFF00A4A3A19A8CAE9B782BADBC353678F6AE63262AED996C8A560196C946F8075FBDE31F0637E6FA58CF93FAB96ED1E1EACCFE967BF79B8D73F9DDE237C352CB3F86ECA0F6FA0C587052BA9A03E2A691AF938B289FF84A4A8A2A6083E9F142EC2E88B84AB39B9D9AEFFC4A5CA9D2ABCC7A288C43E97621FF002451567163FEC1970FDEE1F1C4DF8DFCBD59F333C5DBBE2BC9B52CF2F565C1C8F98B38030EF58B1124380335FA08F1FC59CD847F757307CFE26AE9BAEB5E8AE389BBA1E871422127F3AA45813E69F47715D919B14CE686088EAB2C91FE0A1DAE2CBF43E98E59A612A8EB59B160D4FA02493FE702CCC58ACAB21583153FCC63EB8AD2CE968B021AA9FF003076DEA366E43C4382CB3E9C7E1B2F82E67741F9FCEE18693150F59F7593C926738B010427750711DC1FD2EE51D9670D622EE1C9D5DF2875631F37269354E715E6DBAEEC4878DBD7D31285E69919DD433758DC15471FF5969BDD908AE43FC9526E4FA138AB15388282047FC2684566D4A23652C07A544727D63FC310156839B890330C5D0C17AFD554A24B9FD336576F89A272BD6CCFE975E9E9FD5D651066635F6B2418203C151CD3E37E6A48393A3FAD319121DB56F28E7761399E1FDD508E007C9635DA93CAE2671E71BA7507858ECF98A18C1F11586731D594665273604B1D3F4B3AA3D8D0F41CFEB4504E63E9DF29ADA188247FF30B65A16BCBCEC581AD3D47A54FF5A2CC1A4A175A86352EEC7D63EA0E3831A6F087C7CD30236659DFDEAE0E0FE1CD9CCB1EFF00DDC72EE9D2317A88B2E3BA7CDEAF2ACF5D527931E0314B1650EE029B901E24CD012535E2C88CAB99C4D9A423C3BB2B98B1E3F8A1BD4BE4EECA678A70873F8EA93139C7E3AB9899B2DCE3B1CFDAAE8705C5F6AEC75423B56171763780AFFF009ED7566C75A23DEEA30D51648D7FA87764C374C947135BC7FDE35EEFD375DA62A4BF2B5D7972A7675671B67F2BA6DC7E3BAB8DA7F1E6C2778F5FEEE031C22B04B836EDFDD359977BA46817839AA5643D24E6E3137D5920B1E8E7F2AE7793CD4FB2764D48D91371A7BB0A5DE1C9C9565258727E26C66727E5F7A13A7D445327871F8282492B02C05E72765D6B5C3E57F6FED4628244ACDCFF00EC97FC65A3150AD42FF50A012901DB62292EFBAC8D70B36D8C945407230F46E10899BB2438A4A687694D5FDB0F144B4BCEDEEFA0BE1A2183676B733123E6F071D49A446326D8ADDD0E1FD66C211244D150739E4C6AA94E5C4A612A0EC160FE8A4CC0AC8B64667B4CD6197F6B2D18308D14999B6E960CD96CBAEF377F07D7FEF810C3667C52670FA58FFDC28993D39AA3682327F0F35F3ABC088B82C5900BA0EA8181A3B3F1DD2A1077AB1119E089F55255097A23F7ACE821D9A5785F87EB60082671588429F6AE63B24B8A5D913353E529BCCFC354CA19CC58043E5633ED5825E8EFED7B7DDFEABCBEF7F54A0322044DF09374B61C7C8FD2A9609C2283EF656EC4B16446A9623EC6171FCF02CC3E083058B0F5502466C5709A7D218C87E28494CFD111F437623752678AE4CD3F3BBDEB1FFAE724E3C545AA4C25CBAAC7E1FDEEF2E59FAA2F4BF4AD55C7AD951E7CB652CA27BB96706D1D7E1A249059CCC8E6AF0440D6224D7F3B0E623385DFD4FA67AF0E968E6C7B5A5DF7C9B1A78B9BD157A1140FBFD1AB0DD191FB559C9A82CD81F9FA7F90A9644E7E1B24C81D4DCCCD99DFBDC636E383EB61F172B3565FA0F9A78D25810284D60E6C600A9CE48FAC6887A53915C15F815A703FE044D4541DB579F1456D548D8DF16AA8AA184FF8EC1CE836D25892F4D588BC338228843257A0079B2E8FCA5B3FC8A512500811229022E1E288CD1DBAAC790E775CF967136408F8CA2E5AE12726A5079E9A13A7A97E40E2AE2F82AD64624C7AAC87023A893EF70213384445C0997C812C7332A71AB274D8E40FB59838CF3E940B3D00BE187A149308F5A7F46F33AB806950FCD183BF5B91092FCDC1ABC3B2F21E83546C8FAC9879A4196E6E956FC51B0B2892B162E69A65179A86ACFF00C86A231F4E45ECA9314CB825A844FF0020BA26B0A1CBD09A2E07CD59AAAC9B71736608F42E3E33CC506C98E4E2ECB9A61B5DF9A226506AF162CAB45EF766F19CBBA03F73BB80133DB645861130AF69A6515965308462B19805E6AA004AE940CB638AD8A89AA74D8F365B33A1AC2CB38825CD270DA3349D1DE1B22EFD322ADFD149098490DFC679AFDC7F6BF7650CC87094308F0E14DB09B1916F81FC7C557F7FFA58582799DCD83339E5FE65FAC22B265B27FE597FC458962CD73880E91C35472FA13C7A3FB62E34CFAE6E8FA527EC9448CB47D0E58CFC2A59610E31AA8FE8FF005781EC5212312EA3140965C38D5CBE38C9F7ACC861F9B9886451283E7B1D09973C7E7710C37F8E6B248993F0CD86C2341FCD97A96F54EAFB2E1FE9671CBE5710AA318F91E6CFAD3C7A57C21AD1EB76A91597CD5FF96F73EEDF4ACC212BA0BB7F0AC5E6AC292D5C9D28E6ACE31F43F59FFB47FC88B399A419B2C6675670C9C4DF0292EB60E1ED7585889BF73763D0FA5838B8D67621AC3ABD0AF649731FDD2610C839BF3B10C9208015FC916FEF4CFCD8405F5A9E69B619EB55912528D160E0AE8C71A3545B91D84CD35C35051B0B0B192AA4285E43FB52824DC5E5FA882C5914F3478D20B8E6ABD1AE70BE727ED54566AC13FF00B22E7E92DDBEA8FA350D3BEAA49AD1C1F47CB75347761DE92DD935B30312B18C56A9110E251700C4F56A721E85CC90DB3BFDAE499B8DD1B0DDDD3712E8B9321DCA9B0B03442180F34C8397E14631543EBC2AE1FC1B0475B7F6B9C1E3F7BCD6BF5D8FA1814429856A5025C9B380AA71FF0008B1F58FFC31763BE8CB5B34351FE8AE1177659D45431096C292511BC6F8BE0402B612089CF766C4077AB1490886C43CA73153B43C3BB19A73339BBAC4CD701D413177A6960D4CF15C392278A84AD914FA7AFB2A08901E6B66B11DD581F67FBA00D478B20A13C7F86EE5E56ACE2C34A015591A076D4965D3FF0012D982C1F58B1FF71602BEDEF52E5874A3EF7C03D2E91ECB1FE1925AF2BEF7CAFBFEB7CAFBD153C7EFA8DECF4F34D15BB67294D42242F0EB720A49BC2B9B231CE2F237EB449F425DC43C457341F243564EFD64552000F9166708E20AD612CC6354FA0CB7025A86BADDF0BEEDF1BEEDF03EEA711FE7459C5146CAACD4863756DBFF004CB9B29BAA3763E9C4D48A22C7FCB5E13548C43CAFDAC4C4BEA58CF8B197DA8DA8C7ACFF008A1E0883DACF3CCBA9F7A476906B4A20857553E52DB3356306238B9099F3C56C44419896AA59A26220C59C240DF7423A9D774E6711ABCA3091978B1C0F5C668883652B03D1B3033AFC8FD6CB3F5FF8EE7D22C58FFB8AB2FAF898BB2DCD7E920C47E2B906F362C7D4F01E22F21F087ED47A97BDEF87D3FC6E0FD7BE4FC7E964E7DFBEAFDCB4909CA7FC5296C284C0C0C9F4AA77D37004738AB32125C9680480BACD5809C1D11593B34E2C4785339A3204F2F8AA223C639F9AD1CA3AE2BB0CBCC519CE3D7F4B8B54DF111F44ECCE418AC49AAE7DACB7C47FC1BBD8B1F4F8B2620A89093FED1491BAC37640289C583B988B2B9848F7C284C99328C47CD187A7331B2CE94F7540CE2CA61EAE2C8C6DE1658203F3A91DAE72B9484754941CFD5AC89FCCB135BBCDE41B339AF749AA459C9FBFFC7674243ED541C80C944F20456A3632FA54448A79AB5C0E68DA63E5AF6461F3445739D6561247DE0A106414E59B193C6B1A79AB2F00EE6809C238D7EF5CB24E35E94B2C886EFCD928F88F4AC62F33FF0006A162C568E73EA93B711219D547B976B053EA667E9162C597565D5F151459F5F441BA83BB95E02341DD3079ABDE9AF20C72A301F72597CD870FBD37653D394B836381E2C1D26DCA2E67A40ACA541E28E237EF62A761644FF32842993C33585366735C31F919F35C11AEFAB9287E2E2732091FF1C1CE61296B9A217F0597CE1E27E9D8405430BF35DA53971C9534229892F21BA71884EB1404ECD3869310318757032C6A098A9B337341090327D01111CDF9ACC08CBF8B80EC07FC1AD8A4320BDC4B6493008032B2328E9FD1F164E442263ED4D1E099E2A94F249C17566CD97BBEF66CAE5E7E86B67A161B1492CB5AEB0C6B0ABA3D3CD8440E92CC41810E59F4F15365741298A676797160682E5B8B21CD3273EF5FCC919CEC13748FEE57647DF749C39DCDDC85BEAA0194CF0D86267D16920241CD764A746FF3A63A87D9FE24DDFC657F195FC7778F8276B3924ACAF0CD435F666984CE659FA22B165C4D416A2910500DB0AEA1F9209A861FE69E00A732B8D4FA370FBC92AD2E7442C5CFE59E5D57ECB7F430CCAAD98C333EF3631903C2FE0C7EB7F023F5BF809FADCF8BCC9FE1A8ACEB90498F05CE89FEA4EA85A9249887CD050BC67C355A4461598A90C3C9123D46662C8A4CE253150A78161D5CF47DACF92FAE9895F8B81CF51BA18F1D7D026C7D0B11A282265D79CD0A012739FC7176995385865466E5A37E6E04ABF8E6B2100C9ACD045A3C960582BA83F2B00907E2AE177CE32BA341C564146389B945D59D3ED572025113551863AB8A36F8BC7A0EF6FCAC620B24FB3FC3B521048ECFD1830924A251138DD66406DBB8880CBC5E9BDCCF576D83282ED52339A314B262B62E743D287F80D1598C2DD288031397EF75239EB857A80080867E8980EC2805933A530018C1D54F13CD288CDD1AE5AFF05747907EDFE598FA3A2C4A9EE54DA9299A0033A022684504C859CD8AC9C86059A8F9027DA8E5B960F3DDCD959D9F67D0404A40BC5EF58CABBEDFA44F31F496CBF460B59520C35C775EDD78BD4A700BCD700EDADD061AEC1BA1D8CF8D371592093141074DA36C806167E2A50270E3F32CB2107132FE59B080929D7F35E3088D3FCD2B27A0A223896B8EAC1D14038291354EF0778B3299C9FE1DEE9F89AB8C57019D27E45DF24D45814A1242BB048298B0DB0CA3A8A4C64253E2C9C613400A60D0961314B91AE0F4B8D17E5622658A668597AD93223D68D8BEF44CDDFEB5CCC644E18E9B2C41070C9A41C071AFA514DA88F9B0B0C109C5DB07D5BE149990F8C514EC436EDB3BA6BE87E55FF121043010B1C6BA9E6C37174D916194F33C2BC2835292288304BA9D8F6B349CA0A2233166104E835628EE0D99A66F7AB841E868B92CBF22875F42C78C7D62FA2C0271275623D99B91A29AD05765E00A7BD95011E1DD92154C56253389272B89B30DF5E2CE14E3293573129EB8FBD72B3EAD482FC26C53C29F84E68C1B71C60ABF5453E86CE388314447427E5FE1DE90C4FE8A10CA8199973EC544C382468D089DB4DC06A79BB49C4BE6E84501131C5C1368892A0252711BB31E11F66E3EBEE8FA20E2F15803C2DDDF3FAD9AE0B04651F367028CC89FB5822471BACCA711342172C8671548726A4BAEC4C29C5FE415B0FC976D61CFB9BC3D0FCBFCB41465AB225ED377C362598778F373A2F13AA32B0753CD6950C70D855E11D558C0C25329739A9514319BCEA6454F9A7032A1D8374E4FB5435508945747C8857FB2B527FB2742C0AA04AE29B11F2AEE73490121506044B9ADD03F262C8E5CD9A9849BD29C438C66B070CB737977C47E38B30802BD59B9C8B70EA81CB05FC1B9B881EEB9F589E0C5D962680A464B9172C283D47ED4FA398728D088BBF32C93FE1DFD28DA653F6A8B27B95DCC5E2AAE1523297710223D2841560E04DD39E63F5AE52FDEAF896291E238B9B402587A35260313BD534A3A8EE9C133DE22823DDF07765E4B08CC53F8BD68DB07241592E202E21A8480918222B3E728B60189C75409F5C4DD13B9EB65FC3161416B392B0601B12F1EDF97F9CDB61D6E82E40B03C50920107C6B88077D1604BDDD51861ED6CB9A16D95E474FE1E9494CDE6EAE2205E18D588C695629B2846E4BC0AF02CA8B9AEC188B92CE3A9B29009EAA2F90A542C3AB2F4D1710D14E7EEA012A91F7A24C1B4BCD8159962E0C193B1CD641213C50848440461B141406552B248722EFDE85211C467365129F0EEB40887A56EF3E0C9475BB25DA5C89A542F22F2C75626983B349330BB1908FCBFC703BAF77977140984CE38BA29C98A45BC2E028138B0201F39A192639DBAB9F99F4A428B112F8A31C8B1E52F9A0C2087F3A70AE14FE74FBBA4E099FE770533AA9C9F8E6CD890C73628C9B976D841E13ED63441CACD1BA6482A6CCBAD0B0561668E95F1685A0AFE9FE6484ACC3E6CB8DA4E25CF37C80247372E1C04CD6347B3728A1655653CDDC97644D894C4F6D5C78F466F1AB1D83E6C01F9950CD183BB86CF10611CD836669BF631AB2261F38B822765ED754CAC6813737C8BE80C93CD8A48FC73730FEE2B0A4D2219D5660CB3BB0C159F154662202BA828C0318FB359E31B6EDC63F67E7633CFB67F2A040FA922F0CE0E1F4B98881192375C02EE678B8141F3CD0641E594C551EBC0DD96CA4AB620F907D167278EAB184CD3E2F333BA5869DDE6BC08436C53F31AAC51757CD9D4AE88E5A2C29E6CF340FA28E4B0C7CD1696ECB49DE909B345C390DF3C08F9A411081D58D5B0E6A5AB15FB57F7B89260867187BDD518499C673D58027F562E219E338D78AE4C997D6C91217AA0664B111218CD1385F6BFA755679FB5E433F410734475F499318AA53230652CC8F397BA29249E8A24C4EBDE866FDE88C208D711CD9E29D233F7B3938B4B8BB89FD60EAC1D1FE5453FC94628BF5B18EF4566734472649838BAD138A230A21E77409C18935FCD4CD261D6A29F0A2DF4DD676188996AAD868D8C44D1DCBE42ACC4F5362721AE5DFE56099ECECA5264988B0C406F0D8AAE09E5632C6CC22690A89DB27B734D129E1C02C14C7ED58157B9DB72804DB4D911A9FD949883D1CB58A22718E29CD3C7703B97C1A3AE9786EC31DABCA2219398F344CAE5E2E81A7DDBCB82239B336ABB67DC134603848501C981E339A0929952FDBBFBD1186004F4E7D295111CBE9739267D95CE99F379AC2C447BD186605EF364890A4379B3C55C55B10791544E7E78ECB3C9F7923EF604658795918FB4D989495D101A08A2A84699959A1C965606CF1C930139A7886E98931BA3AE2B06271C5C361E6C45E7E93F49B3F59C2CFE26AFCB561F14A481A302345755AA8E583C71150650C3CDD2E5D15E0593734F6011318CDCAE57BB15B461C4EDF3479A422582C911C394952431472AF6CBD7164C2CF767FEA8ADCACA819982F2E125A6AF9BE4B62100232FCA8F00F4E7E2C499B131A3F4A9F63993F9A97F62AF248C389FDECCB102127F3B2849F96A886461807A85E71D2728D054BD822AE41111DA2EF59222705D410B8EAF20C35A2891290C53A7110BD2FDFEC9D7DE8E6BE4575F68FEF4BF069D5573489F6A78F3398DD9792784B008897D2C95EF6AC3BB2FB526336301115C89B00859E8EEC26F6B56599290330D6310309E567376C609AC090D4E370349B33F99444C8A252F325B1CFC50F00EB50170BC731AA880E28DD9CD84EE76D2202127AB5423D854B5095215D9D4A8B161FACCDCAFF002754512106305461A73481864E2F605FC22AF51D171267A8DD33A67EF141865D5842E51553040D1E95103CC28E5CBE68426018F2B34908EE9434163F5A24106E78AE68D73D3E689449DBC94B5C986B7CDC4047A3568247BA81313A635E68851C3917779887DEEF4BDC43D5573001B865B24A326046AE21A771AB998588B38E8CCE22C925D0A168A0D98A81165EF62C056D71D228B21F5A984803F7ADF54E1BE4FDAE4DA9DDF6AF6682C8CF2DF352E1009031E9620549C49B2C226274855F50398B300634436122119B1938E9665331C73733C34DCA6158A200639D0D3609A4C75F34751B8C9BAD1C4E5A0AE4342062B2430C46DF374C0F52FE554308A195BDDDCE62B4715CCA50F058425CF29608C748CD499626B57060E725165C7E3349EF78AA76A7FA1AAFEB57FA15FA2EBD6FAD87F42C4D83A26938AE3115DD663C51950E51DDFDE22E50A7C1719979F744E50C6683218EB770483CAC459BC3D4B2DDC58ED17C8854B06963AAB81CE5549810C7EEA3D8E798D25C84D16BA11B64A20295F595A669DBC5CB0196432D47394783F55831AB0C2C9AA121369C88B9C146FAB0073491FBA8D9F35C2030F77B88F350218E6CC89CF35C5604AC6709C966CE637CDC50674B2CC6E298096598A0370F77C982F347A2A670567CFB6F6209E1B141DF6AC58111D455931675A5D6A5C5668E42F8383BABC13794510533B7AD432865AA2E98BC00BE6940E0F9B93208CF755111F38FE68490F20DD088BC81508E25C11FAD4A79188BC2BBCA6E5F898806C8291CB295FB5944D8ECFDEC0D98E8FCEA5204B85C45CECEBF1688031DEEC640C594ECF4A6A7BD42777D4A79952B2DE94E67F0D6E7319D731CBD6A466DE1E6CC55DA31C94910909BBA028EE62CCE43EE55E53963361719DB6083A3DD04A09F1505C36538BD317360C73DD83173ACE2867A62C1949CA655939550C1F01B360CF697D9AD267D68DC047495CFB4589E7D5604EE5B50C8BB62A1227E77600FBDD511BCDF4072BBACC1C79BB2143A5E2A59273BA0AE9EB44C398D5CC4E4EE715A2613E5A025C9DF9B2E10F88AC365BA2C31366C0C939A16327AAB52B26A8C5219EDFDF8BF21CDD30C38AAC7555D1888BD0B110942B9FBAA2082E189C7543B3CF57A357E5AB0003D6886E2918993D2C930C78BE0678B335D8CD203F6D56371A729749CFB0C5E181E85C711FDAE60B1D5D8C5F25386F13FB8BEDEB65DD07AB9FE561C365F2D50A1EF6493EAB2F73D58064638B963479B852BEAA0670768E2C190BDCD32401E290D03E4B2810A7A2A8A1B8F3741167D2AD84A5C7F0AC3B57D72A7D0F44D9CC107C3A92931F7BD46EEA969B211DD8B3AAF360ACD237E39AEC8D4A65E8A334CF4D83826AAE31A3D2BBF03DCD1BA5E850B2AB1C6299076B62717C45577EC59EEE76C1241F0A4BFB171FAE1F4B233B757538D42C2F9B86307A57889F5617BD9BD3DD7018D94ED8F1BB92C6318BD562164D1887576D01CE6F8E0FCA98427DAC1FE97BBE029CE7B6EE687C18B2C2BF6A41CBDD399F2AE0B79FDEA868809B937EF7DFE1AA768B072FDAC477496F7589896A41805EDBE7EC57AF3E97F88AFF5D67FD2B19D0782FA3ED63C3DAEDE6E7BFBDCD7CDF6A9389FBD71CFDABAE6807773F451C6EE5FA173611ED7A87B1526C452E4FB8CB1EBED70707E8B9DD927767182F686CAF762F403D2BEAF7BF2B162B7D4DDB6FBD37D4E2A28CCE0D09622C8335338FA331ABE47B5CF57334BF149F359F16238BE57AC58F178D55351140FC166B03A9F9A0DA843D2AB913458CA8AA0685838CDE34D5768F17D0FB555AE793E6BF4AAEB4F9A179A84EEA3FD97C09BE42E69A7825E825874F7B0E963DFBAC3FB2C7B1EF5874BE7F75F03DEBD0F7BEABE6C93BF7599A07CD9F2FBE9FA4544EC9A787DEF89EF7901F371DB50A4CB9561E4B2548684208A98A40E84592C3BB0EEC2C964EECD9B8DE9371DDC674B9D1675F75C1B3DEC632972E4298697D0AD0CBAB1BA54F3F7B9692FC6A7E3E931FA61D547D07851B0B063ECB3E4B39B8D83F437F057F80BFC35FE33E9C7FABAA11F62E907E2F81EC5FE0AC7F4BEB0B7F0F4FEBAFF00145FE28BFC25FE02FF00016388F6B26FE02FF057F80A1D1ED63A3DAC747B5F41ED71D1578C2DC1FAD9F0B8EAFA0F6B0747B5C7457E9CFF000DDCD8A7D4FA43A3DAC7926F451CECE6FB757DFB75FF0008E401291645AF6AF266F4BFC5DFE16FF0BF5EAE5B78DEEDF1BDDBE07BB7F155FC15FADFC5564FEEABEFEF5C112F77EB62D33E754CCBF179BFCC6AD87DED1FC69CA2293A0749E0E17C3DB453B7BDF63D6BF89B3D7E6BF8E6FCB49B139B1ECDEE5F4612BE6D7B3EF73D7CFF007BE4FBDC1B584617BD70FD5F40D7F5D7A7DD67B78F71D10D1B2D21C7D0015F4D0775ABFE571A84A0C9167C57E09B39FD77A8FBD144A3DEE6C61EB65FCAFE19A81A7BD66FECB1E0F758BC7BBE8221C29473E1F160625F6A4D1F44F2DF5AFA97D7BF8C5F33EDF583F18B9FB52EF236537F6BD26F897CDF4FD7B27F17D78AADD22AF767849AF8D257CF57D5B3775CBAF5A7BAFE376583764EEC3161ACDD66C8BCD60F5F373949143CE7E9260E6E9949F17D0BE08B6298A3E4AFADDCC66C7A4D9F37352DDAC4FA2A8D8ACB10E3D2F3B3DEE590A736743399583111623080532E7ADD038E6ED82BCA63E2B9133CDFC0504C39EE2C705F8B1CB5E0BD3654797B9652C794BAB05F01144325D0266F8C5868EEEB11BA3718B0351E6C9C4FA58F58AC0CB7307B2E4CF160BAFB5477BB8E9B05A5ED1A29DDE2C29A9A3C462CE2319B31884D7D4FA588D41377558652A19E23F3B818EA877F65E0CFBDD3AACC7573C1355C2BDCFC5882377F09B1032C7A51324B36387BDD32B433AFB5202ECAFB950890CD09DC9729034EE7CD97437919A49407F342504FCB70F93D6E57062BC1F9D44B1601B0FD9B83313CDCB435415CDE2C9DC37C2CDC779A93644CDF23570B3E4AC960A8626B72FCEF2F88C59591D305C98A1E97CDE37341B3E6B4622E744ABBF929B84756319FB599E4BA4D561999F14EC6AC7B91B898A3389D3E2C73E6AB0C178119EAB84B3E2C3F9AA1ABBE6238B93641CAD8726F5983CDF0B643762CBC25CB325E705C71CDC4B36712DF57C5836031DD7269344EDC5579FA58CF4F14D9247ADFBAB91F5A9828CA33634689C2B87F57CB1F9541389E8A85F5374069564648A918BB943159557962E0CDF8FA59DC7DA9D0A827341867E5B0E816079BF2C572CDD3AB135DB0FBD14EBE2E5AC94C840DF740F51AE24BDA8A19CBCF17E050B7253AEDB270E6866A74C9DD9F29FCEA9E19A0D0F8B0DBEF407E85757E7613C37691AB20CD7274DC518CD1B51E94A1F7B8B090B364FA5398B8E57D6335E925CE738E288E55F35391F9B0FC505C3AB30E22F923EF70A43DA98426F3E2C9E3DE84C395C84FE5624CEFAA26CA05B13DA4E6E0A8CEBE2B269A4B9FB5EA5B13322908DD2775C0CAA484ACD4E5CBE9739133DD0A73585C995DB94BE27B5059CF3711C7CD873A693125CF7F173B1C5651E688CCFCDC1259AB984BAD0DD223E6F46E5AD5CCEEF9B7D534ECAC1FAAC473F15D2F8EAE4EA8B47DE88EEB011D6AF29BB226BD23375D514953150976D8441785A10EE5D554E0D5F04E2E4672EACD7C18B86272DD2175EEA622E60E2CBB133707035064C259B4ADE1951F4B268ACCF15939BF3F3140CF57071601F95FE8ABE0CFBD18EE2AF10FD1D725833CFED78F4B06135DD7780D31A3767101ED4CB6DE706C4997134308CD7ED670C9E375C306E97C226E1D7561060F5B196228EF1DF9A8C63E66AB6EDD569338BDB8A724E3C5EB3DE2E1C5DB0CF37791A18C3362311721ABD222C13F3ACCDE4671E6C501BCB65467162400F8A0610A6A2E1841B8A04E3DE8EBEF49D9D5CC68F74F29B12EB17278F5B9CE77D54F5FC5D70F316218355D4B83567CCBE2CCA4E8B24E286361E3379439AEC9410099FCEE2598B33C7AA9844C4F573BEFE6AD1B7548DAC9921DDDBD4B006514CBB77502EBD2AA20C5EC9F9A1906E9FA59C4EAB3AC09A113645167138BC090A610030589B66AFF0013464F9AB19BEB2CA70494573D598CDE86CB3BDDC158BF03AEACC3FBD61726B8A63336782A92EFD6881BA44E5F5B91B62A5E578161BCE5EF65DE7D78B3897E6E0597E2CED7015714EB13621FEEE3C679B8368B9A129C415F02B78C976711546419AAC5F42A919D777917165CEA75363197C45CB91FDE8A4E7C54D53EAD462248AE26B0CB9EDA832B9690D10F33678CF379B5712A347ED6182550C46E871EB3D50F39B386935626678B8F914F047E3754243173EE5AA7466E12315D0CD42F37CC0A24719A4654D3AEEB11C47164F45EB63DA8BC0D599F85E1A2717A955DCA7A375738BF2C5933A5B0C783AB162563A497893E6C85D0DE4E2A9F59EEE4173677ABD4927550183EEDC007CD4E44B261C7151877E284E5F302AC3DFA56364D0E8F7EEF4EDC534F362C039B901528236213BEA2B915CD40D47EFF00450833ABC6E89895BE29F83CDE2F6D53E3DEE60BC525340A1E4F275783AF3FA55E023D7E38AE31C8E39BD07CD72D99E28C8CFB55F03E0B829FCD838C6285D3AEA817F2D5811315EAB0641B39B921476E3C519318F17299DDF8679A1BE0B804E638E69E8F9B3C333F955AD4F4D2F29C5E279AB1927E4A8F8364242D03F5A0CC466E892A73B5911BFB54EF8AB9E56E9DBD29A333D5C8729EE2CFE1AB91EB611987772C2B0957B8F53666DFBD9E3F142E4D3D503CFC8A9D3E98A4B87A5E8FDAC47184B3A499EAB89CBEB150810F5AA5DDE0A3C4FC1BC5D2E8659B2784F379A1BD5259499A7A8B06307EF6367BAAF2D52785F454F278A947AACA677C85D364E90B253A807566A1D3ED57E17558E04C038A0C20E463CD00323E3B3D4B160711CD43C6AF65647EC5741EEA2291103AB2C6149FD452D4DD0D01AF5D124B48347E6BF7BB5FF6699261E714D99FD1BAFF0076EF317517F00DFEEEE1FDE6E28C7E17F4A4BBF7BF4B27EAFF00541D33F5FEAE926FC3AB97708E5AC9AF50DFD166B1FED2BB24F417F1457BD3A5FC14B3F8EF8DDC9FAEE2F8015CC31A9F922B9FEFA9B6F7CD3A2F7A8A0C2F9E4AC4D7DB54E838519093EB630E97B13CDE609C71D57F422E33F9DCD1C4CEE2AAE029E38B9D975D66C110F47745F0EEC9CB9EA26AB805899E828E1FB872DC1FC62CE32EB8A7341E9AA30DC4714610A35A2FA898E2E999974DC2161736326B3768C31F149EA764F8C413F15861B14A60E4237BC512031A8F5E41D2A4DF83773419945C22607DB15A9B8524D5D2CB365B047D1C7D4FA6ECD69AFF003CFF00D6523C1C511B7D55EDB2F77366CCDD70573C1ED60FE8BFC159BE8AC0EBE9010E87E2ED1FC57FADA6A5A669E1FC2DDFFB9BA3AF9B9A603EAB93CAA124B6203033BB3484FA27E95643EE559CFBB4067EE8FD2E75FBC7E964EEEE754D465DE293CFE45F1DF0A3A512F7AE71E91BF5B3868527770631F192FF00FFDA000C03010002000300000010C1916F83751FACF7C3279838B8CF118E36B7BA6892005FAA15F6214E049346BF1B13881A09B9CD7A8510D2D76E16E6C81994191C76E7849E1C015B529F1BB25B23A4E25204B306BC8050DC94A250C739F4CCF96438025B8825402F20E907EF26BBA3877D88CBFA5C1349431A45E5707B0059970049F0CF668B099C549222B8D8FD99C644E0E4882287F69184D33591612AC40305C996466EF7DDF44DC83F08D19A0EA5F07593479F788604B82BA10863BF845665B59B6B6F761EF1A30F9028DBE6806EFB8BB2FEF4EBD26F9207FAD13B744AEA13E77F2FF64936BD5633776B672DF8107DFDB23EE601D80B6394B02D34935FE8C83A7A4BAAC3B2F4C2E9864F7E2A9CBB14A850DFFCB109B2E9A635460F4A98EC4F267100F47FF6823292028198FF00FF005BCFF920A3F560AB72EF998FBE81D1070C49C5F827A160E7A8D21AC1E8033115AC4F835AF71FF028902586CD6344157E959ED11E967491083EB3E6533898E24CA090B23D0B9430C6273C5CECCEDE79C4E2292CAC482B2B98230623B00590E4A66E005BD7A5D13E5F406CF33F8FE95A86CB0745A2A01FC96FC57EE474C94E0EFF009F3D3CB566773E90590050824F9F2B40EAD95DB4CBD38DCAB290BE4A0A5EF51D742838EE1FF923A78D2398056AD1FD07F2AEEBE99FC2A1AFE62A71AEF428582E246FB30DD271092304959B76941A7AC56BC5FF002B707A4372B5E76C29B1C82051346A945CB3EB957F9B47A513EDEA2BED1FC1EBCC21F99085AA8216A6AEA2560A93B4FF00C9B32F187DFD901B18FD193E1A3657CDE5DC057453259CE98C24248CA6A4351B51C34073CD7F6947D3C914904326E1F93EF2C012C47059AC1A5AABCFC1CD4F46DD60377D822695B5825965980938DA54CD54879A8E7CFF00B9B0D381F32F6C19FB6669BC79177D564430B1E0155544724473C1678BEEFB7BEE1DBC7B6B8B5F6139C1E49A868A9AC8FA11B2FDE1B5E75D74A57785C8AC42FCD6F19F184D68775E5646ACDE3CC3B08BDFE6800A0F5D281AE0B8F26D2EF5ABF2AAED9870D18EDAEFA8F4AF0C17989EDD1D25C6289EEAEA62B10064BC4FFFC40020110003000301010101010101000000000001001121103120415130716181FFDA0008010301013F108C621E9091037D814A019A9C9D10096EC800CA0332F006E96380C05F535104A0D46B04203D6C9FC3A736367947526089F87891B1F4C705301DF412121E24C34829022C24814629537FA62697128127E84638090059A3B30373091E2A54F1CA4394844089073A011864239433C0529302A4061FE227F102046A34309FF9AA10786E28D06B76AF8C809373A2FD448014611819B096421007248FCDFF0084D41F008CB1099DD4804A62C14E9CB2107F42496A42D481264DD87F46E3076089810C9BB192C01BF5EF13265E689D086140B124FA0097ED3FB9CA04230250C23603420A17E126889D2681C01489D3C7F070DB2888488911C6D096067887C480243021223EA0C3A910B195EC61090258A978DCE8D4121B2C4C2878425020300E88A927D42189C23DA4D29C308F9257A9E40445C943509234746B0C688A030891684A400D09A81B78E96E395096EA24C884384F88C6319E63094034B7424844482A9D0B50731C7126710B86E8CA0102001D812800416A481C4E59A884E469122318C63C40FE88380F1BAD4EBE56029441088D016F824825A6C2493B8C620830AA093F4902967908E0423250C6218F0370FCEB010813A94318D0F2194518FF00DB02C61616904C082024D2823969BFAFF8C28EA224BCF98862C7AE740662A028A3C9036410F1FF00D72C3FBB40C41A9461FF005C23074A4B1B24D413741A26526780221D171CF0644613949118C6206E68B0DD0AEA728CBC6B8D96107293A1965251AFD3808D7D63F53DDC6EB1F75431840B2C404004F1C24DDA3A101CC458AC1C3563972C81277642A4FE235F495F1D3861D0E311A2181BA00C09E0B1A9D532D9C4753C4C173F52353061090F8D7891023138094E73A296728FF51DCA64CB08186828279E88FC721EB0EA348263D481D029970787AC2504E8247DD8309D878E4D48884FD0432AD44AAD55F89C7D4873520510D10090BA1507EB1ACEA73C6B0CFD37E1A469CB40CFC0A03F5842607D4A05546B4044DB428FCF02B43431F9A57AC44D5DD33DD68410D0D0D0D0D0D0E1AD0D0C34343434343434346EB5A1A35435BEEB4343870D0D0D71BA1C3871A858C631018D8D6E93518C6319BBBC30386318C6386063183596788C61486319E46A26A0972C6337188D97059121877437CD6A1A85469420EEB7413A890CFE1357CD4DD461D42C631890CD6754D430FC72D2E5ADDD6EA396B58C4F30827EFB9BBE2F80B84800EAB5A1AD70E181818C0C71BAD7A80FFFC400231100030003000301000300030000000000010011211031412051613071814091C1FFDA0008010201013F102761F94C54B11EC4C498911E3424A091AE83911B13B8D0338922B6C8357A5D5D5484427360984858601FE0E1C10EC308A22144088AB8E5A927413146FA084B9EF50F48261821094D10042724209FC998811A40C40F85C4129086EC14A29E320E5047A4D88B5C0CA1C118D290231A2427230A5B0B6B5A829418401310851ED1FAEF99728C1F48C25040A4745CB0E8B37C33D2D9A3C409A0F895934720582ECA1260A41820FD6B5C8F94280F43978D4BC7A192254650901BD1FE400062D0C935081365F832348D80294CC04C6CF3D3FA7BB952D0202A001CF4AD483925FE710D294E9481142505409686755D480C3C9208E3554CB7C427139420860EBF66960823828342208CA42A6182D053E94F281140E40A0C78901E20D0D6F979994CD5D688138D601A00243014C4D0EB51128096B2A11081FAE42202AF310081D467941D6D2B5AD6B5BAA9290200F8CFECD1D7B3C125197F440D10412983214345FEDA0625EA90651836250C4EA685A9519DD6B5AD6B5AD6B5AD09E219A30324442259D181FD72CA9419637C218094042366005491480807A804728C375538C1D82856B5AD7A1A1D428EEE303D13AF396A3A94BD2702A74983D0010BA089440D6B5AD4805A11895C584430D707A90E929C04D69696AE7D86D483A0F794E7B22C2002A7E1A86B74861CFD4D2E108002203C8413E11E074A90C7A6B5AD40C3C36EA8494A06A7889457D0131BCA509051967E6BFC6EB2E643861027510F11A28623759025E1070D465DFC7B7C5254F5049D830F7500E20135A4931A7D827294078604251A1DD93949170F0D47C28FAD100521203251F09798FE49923226C48A49F0188247101C32DB4DA838496C1735010498D4A48A02080357CA33C8C1E45258963FA7AC992823A51220440D3A599464E888524105A820F10A748506253848A22218EB3AA984D411E1C16870C480525C1F8F94550DA900FC1CA5FF00A8DB20A5E7FF000E4106503EB0F5810C277EBCC24409020291F00DFED391F4C48A85360594308D08440FA8321FAD0D6B53883421481063715070C2F2F98C252EA61498C24C41F1F1900880A00D204449F8421507C35A9CA6B46704111125C38AB91A5349838A631124394333C1FC91F42D0883851C9754382D8D0480F2E7EA3C712404401040C00F9884345459E2A08606318E02A3C884AA0865CFACC8813E6ADBCA49B023686EB1F107E34827586871F1ACBA80D56B751CBEAC035A1A1AD6E90C30C30C30D1FCCF516AF9FF0084BA9152F75FD0D7FE5FF2FF0087FC33F0FF008620981C3024207ACDC6318CD0FE08C6318DF4C6A96B8FE08CFE1A8F5BABFC311AE6AEF3BAD6B507D2FA5F49E84B755AD6B5AD6B5A82D6A4EAB8F483D45630307A13A21C98C6319A0061AC615334E450582FC9FC1FC9FC9FCDFCDFCF4FE2FE3A7F1F62082150046A9FAC7D67EBFDDFEE9FDBFD9AFADFD69A69A6F563E13E51C8E52031FAFF00FFC4002810010002020103030501010101000000000111002131415161718191A1F0B110C1D1E120F130FFDA0008010100013F10CA81B0715D71479E28D97348C52B6686533505C4DC73648873445958BABB823562C58B1F98A9629A8585989E9629624B99A4D5028CC621AAAD1E4DD450DD452A2135C9E273607386B08202C859CD1D578B29495878059B8C962E724CD82914735EB2EC1A80F3AD0A5CB0002F3D39A29ED426B530784AD3C808EBB56021EB8C58A40375C0CBB75505D0D8B1FF00C42C50A27F120DD1A98D4580CD2A2A7253740959AA91AF4AE40A1E29963ED5291533406D3CB530886C1033F96C58AD8FFB94D3F800B915824A39A40418CD43CD4BC53E2681865C94A1339CD41CD11DDD2A2C9340590AD159EAC8410E6B1B150836DC8A1180E9606683AA8F3458A62B02A138AA641C83334420C12555997AABA7A192B52233B5316313FF0011FF0011426A004978B08671678A79A90DCD0477B10E4A169A4D73337BF43AD039A2511AA79A319B3A41671C3D4AE0913ADE2C58FC458FCC62C7E22C7E62C659A198AE26189038B96A97BD95CEDAF6A62CD220284C081BA48CBD2EEA581DFE3B9A8D40F2D2822D364076CDCCE432AB862E71829350DE4EB539E2C02BB3B25586CD6693243859C52E228C46184C22A0B870D859B2D3181C5C70407FC47E22C52852A64CC5402664FF0082273404E6ACDF559AEDA26844DFE00F928F6ABD7F290630DEA8349CFF00DBF88FC47E1FC73F826321C572C2C4474AAC626B5D7E14A6C538279AC189539E2C0510F344395354D166C6AE314C2701D2960B332D22CB27CBB87630BE8590505A01EDD9334CD1426918685B1D1702E4D13C53A5B8736652A04C54D611A5315C717582B1200238399A58C1750D23249FF27FC83C14CBAA0304D50C35082574558A974C94B090072F165EEBEA4290ECD6DB8B18A178ADCA154CE2AF1700A269A112F7CCD6C58B1F87F1163F1CD7F3163F12EA6B15BCD8FC9CCE866BB451914BC07341252817D04B42E5EC4E3E6B7289E1ACC47561FE7666CE20F714343CD94D991659483E76F6A000594E86CC74D9DAA0C092437DA858414924BF7A28001B1E7E6A4623A91F95B066D8C00F1E8F6E6982C8F378B143082E9DAA309E93140468E41ECAC3A5CE230B2A88B32EBFF8052C90A9E8D0089078AE92C1C552979A935278A040A9D6A16417AB73503B9521C8675AAE59BB880F6AD34D58871E2865186AE201DACB386E1E990E6AAEB1F84B153F3163F11FF4FF00CC52A66C39A5CA56AB84AB1446241E32F2C60EDEFD2C4C248670CFAE2B1880EEC5EA01C9847E6F28193FF6A8A0A1B1CA76755C80166544B6BCFDAB891983E03E7ECBA1264424DAF83B3D6AE0E2380E4F1FED4B38677047ADCD0616430FDDAA04A37964F6CE2CDE3605654FDBCECE68BC2C4AB67F9DECF4ACAC5DC163A56B8E6E13715928C3AF376341AD15684531D9A6604230C58B162858A14280453A2F533E0A17073CB5EF78EAAAB115E3C037E2BB88FDDD60B9E327BD24071C0DD98B1F88A682959C22181266BD207AACB8F54C1AD47704C58B162A58FC27E400DAC56E1575949A84D4B1F84FF82C531573F842E7A795D02EC71684C77785FB7CD04CCA4C0E3E6AA624EC87F6CB1925B2CFDEAABBC6D0E3B6AEA29874DA4BA1B7D2CE9D388121E1D5DF82CE448D4E1222127C5652DCC4774BD218AC751CE56663CAC9DA842990CC4F419264CD01604CC17E4A4180B86333E938B29CE3B41C7C5582C9C30E3E287417791F0E3D2B54A18471E1DFB54428C401CA80A86A9AC8970F8A8A0AE5AC38077AC7143637509B1AFC458A0505B0DC578C60A03CDEE596AB89AA65D90AC107388DD6964B1B9D50B878A64275ED491986E543E6C02386C58B13612AE5D56230A000A31BA45939989ADCEA830E1FCF162A3219B14258AD167BF7B35399B9B60F2549295BC6AC04F159FC458FCF3F94367B53129C1DBFA2A03A70C1F4324F9E684B32E596CFD2E44996267FDA656506173FCCD93180E707CF18B1351408C3CAE321BA474882729C3E5CBDA8812C48510F8EFAA241A2CB7CE71B3F7451A1919C1F667D6BA29099089C249EFF00E550BA199E6FD8B39190085CA752C908594B894F8AC9981D3ABE628C94606171FCB09100103C2FB5466CD953A7BE3CD245954487BA3EE62BDF5D84A9402E4C3A2C45735C20695481A84C41F8FF0083FEE69359B6D82261DEC8EAEAEEBD971D2CAEDFCC5C12E1C38DEACB02F7A58CE68795E4587F8162881B8375FCF162A50873630014D05CF4A030C75B2E993AD90C899CAC6907F06AAA7FE14B2C6D2F5C1E5BDC60C233D21E6CB072CEE0EEB83E8B0E2D0E9274E029103636B4F59B8400893ABB6F3592591768C07EAA0B8789F44D9558B31603C695BBA217683E76D504B9E4774879FB5DA258CE8BCBD1F6A230F9C03E1CECEF4D013D49388D327D1505B82C40338EBC8B1099CC07061C726BC5334085E36A7876779EB4660E58E83DA8214AB5020B8248C100FDB8AAE600CCB16A103C12213C74B0601B05D76EFE2B8A90E1303DFF008B27E3046166875712769EB57787C1A7A0ECEEC33B096CE964783AD2C3362718A8184F6AE35431C54271AA7E0FF88FC9FF0011608FCC58B141829048B37005AD719386988C9D1AC07929021086F007D7958239C58B162C589A64239B2C243AD79098A87BACA213C4D672FC22F15A8A964771971875EFBF114E98880932D63D4C8FA54A0B9104F947F05C740C9E54C0B1E1111FA53280770124F9D78B92D1C9247EF17130253246BE33481891220D86A60DBE95D674320C9FDBF6A8C92232762265AA970258183ACB44907074399EBDAC8293838FD11748D8ECDC4486B5613061924D8660E6A92969F28D9E55830124F6813C9CF59BBB8938A0B27D800FF15230F1ECADA5A3B727C466A7CC8F4FDE6E2C970AB3D36DBF6AAFCF8609E58F483B79B92A282DF37EC5505A48C6EC114A8851EB67B3F4B244C58BC7E4A1629F88A58B143FE22C7E2297821E5B2DD700DCF4B06A2EAAF06E70868B025B3A1CA3179FC071521D95DD0180E2C78A69101ED4CA0890C355CBFF00584B5A3A7A7AB9EDE6A4DD01D7AB60D4E24D075ECE9A0098152F91B3ED142A3018095F467159107E4CB07F54731A5985C9E34A92C13D647BD677C600C3D5CB80CB4CF4014DA71E57C53D8A80219D7A0628401580BEE8F9BD4131334C3AA080C98411AE4D59785667733FD552891107231D8B02CCB9426C1A33ACB4BB8C051E9EDAD0D461261D9FA84A0C94A47138FA79ACB0830B2476504B38CA887EF1678A06C491F6AE7C48A17CC629E5D124EDF5FB58BA52075A1D4EB4CC598469BF5F7588F5AC763BD5D97EF557F13F82852858B1F90FC47E62C58B162C58B1F897AD22872556666B97F11F96856249C54C8C37BB4D26374488CF5FC458FC45D018EB8E3F6F6293149DD1DBEBF68A32460C14B852F28743C3FA7B58A43232C1D7148012E018F4C52011865C9077C66B3667812777A1DDB940E965E644B8EAF360E6665734D83E3C596992661217A40669F136320C7F9C58232820329F4EE1404398C891DE7BD9EB8212D0CF9F79B0A000442BAC1C9FCA08340192636673FE53249E20CE311819C4543ACD7801455C0911DECAD2ECC77CE4F52CDE5C2719EC8E4EF644113019CF99A41808273FB2D2C178E05397BBF6A119D25B0E166E1272752EA7189FDBCF4EF62C3BF4C753EE3F0EA8FF00C452850B162C58A3912988AD010A9880E9B5518447BD8B1F88FF0088B162C58FC458B162A58FC454FC67F1AB1F88B9582240E7D4E0F367DE29C25D846DEBE8A1E913E2C83A4E2C559966EAB3F297EB363389210C78677D87AD88B70DD978D5509063A57402265C7ADC18486611D3031EB480818492F235133E9317BD10E0C0C15C1D633600A264498609CF14705247D53FCAF01052818380F1488112990E7A9E3ED7C965463D68A7138C965C47866A1ACC18111CCAA45093A422C51E808537DB1C3180C01950A6E92188CF3C4AE60F4BB7086207AC195F8AC88AC0FDC964BDDB164860473E9F8200A9309C58BC7A17B89F6B181119632732267BD641BA40C0731BCF0550C24584850EDE95F9FB12299E75CD53209DAB2A40142CEA806363CD87A2728434B24BD9AAE4A149098F5B854762295227523155B94D311419137430DBA45965B163F1162C58B15B1F98B162A54FCC62C58B163F1E6A5ED00255E81CB60C962C579023BC699EA5513D89C2EA91541444E5F75A24A18A7C1EE61997EAC6D3CBC3DA68D60C093261D3A0FB5CA5C632DEC497861A330006236767A4AC2086267E6A6BDC0C56822854309AE1A212E6B22C81DC62A70495832439E87B53F41C533E17EE8CE0BA48197D2B5B04CB810CE550E38A4018302467D70F5A20405441EFBB8994A898F8B2FE92C8990307D65F42C829BA09326CF97C5D35E9493A6EC14ADCA8C1431CC77A1E19BC2B6EA75116023038A49A8117C3113FBA8A886AC11E25C631E971C90728F82410F7D3DACB473E952BA9A1C59062269503ECB2D1D2F9A0800060B103EA2A910719DD53432E2C5F4A2294D091D9D2C89A29C12B64F6940B03C58B162C58B160E68827576006C0F2F7BB208FB5912C531B5F6AB209E95098DED63E21EE55881388A9F8667F0D8B162A92CB0DE3B78E57053801D1163DB3F3B6C4D4404107BE6BA24E0C4719AF92512C31898303C71431554370C7B9AAFB19D8E6C80C8472B15B1230A4C95254440932F133055011532D677F3476D7252CCF4F16646484322793A50EB24A024E025DD2F2250327427D8A2260800E7DF37EA631E6CC31764386C72911E4A2EF9CAD362DA502C9ACC09A90DBD13BE3E2B2B5BB01F6E2EFD6482651EC55B84330247AE294050CE93E33460616641B5140319B16A5804997A072D42189A932EA389EF74113D3A8450008808AB88F37971B09C92A88B264662FB589903AE3F78A48821105FEA7CD920E398153CF4ADA2AE894A0D05EE2A300BA593E02823149893540AE6F44A3313BE94629239DD49D3EA5C153160090F366B976AC1109E966CBCD8B162C58FC458B2F7A06E6CA013173D69E0B34D70B214171866B262C52A606C7FC3F08B7015C81EA05F1AF5A310D4E5FC1591A990421A0383B54106068C1EB164732EC3DA42897043ABAF41472F4262A8CA0A0EDD5D5AA447361C15900C00D0F6ED8B16808C906CCF58C522203A8C7B5C96227441FBB9801400CCFBD78DA0D913DB34F600849F3BA687A344E71D9F1F6A81990C081100637FAB2DA580FD74AF00481417D9663B34C2CED3627A4588C8E2110C93D31FAA1DA648C2D4B8C52B244A530D930BB6C0ADC19A0EEAF6BA80EEE542071F1FD1AB2B93723FBB5870C1058E2631AB81660C4A3F55C568777EF43232C72253DC78CA3B8D0C827CC3ED15D809DE11ED114C5113C3DCA7E5963ADF6AF46020F64A2C9023387A1A14C6ACB33365999B3112DCBD5A0BAA30EBAB5730FADC5812AFE5FC458B162C58B162C58B162A58692735EA352C54B274518C32D0A0822E49FBD647ED19D8DE1F359461EFBFCD8764F341A88A6B0A9CFBED4EF99D2647582A9A1A8A1E13783BDF9393A1DEC48990E4475B132F049235C5301208447C2EDCBBD0A48DF2FE59979D051E8C58A139265869863E2CB8A1A4AD7037BDD1A7232320F73A4FB15A5929C4C6B89AF59310D9910F06BC07302322593359125E693E13C3EF64F002BBE003465A8A806321F0A718A2A16623BD7A445D63F8AC09251983F8BA09D8C8C7C50E498125CBABF23D3955A42AE2F1A46480F128331BC7DABA50595914A4182389AC894477D59A1BB6726681B834CAD9114418231E1FDA671620410F266F29C78B341337164765930638CD3610136510B24F7E96138D7E54B2FE23F3162C58B162C58B1F8458B162C58A952E22A24B337080B9421A120433416208E44AB11ED14123D9A630676152911F14F697EB7B163F59A2890E3FDD085192E4E0230C6345542291D2F4FF6A032A21920092853350104675EEF7AA2044CC8C3DE93003311724641EAEF66C4E006033A5E5F9A82079208EA89D6A6B3C24A0275E2CFC3AA1CB33FBA04B60353C13F1E94762C4EAEC948B9B0050E9881C4D22C3AC9759E0A035716A85A280F5ABE0619F2D6856390E951C8974F7A93605D5815E954567F068317960F5A58447AD34211D1AFC17B5583124EB9A34C714CD4000CF366C0F51B92098DD8635F98A1633F88B162C58B152C54B163F115B8FC454A9638B2B15160E6CDF014285DA845E7E1A450FBCBC1DAE93FA91DAB55769D58AA20997035E6E8F214CC0EBCD1046904FC42AD940569DF7FE50F898828C74F5F8A091C0151D93FAD554670C890E8C635F3508717A8D63C3BC5CA080430234AE0E6A852BCA5A5C0476B1B0132A442E38F8E2EB4CA6101DA08F2EE984F0FA581CF9B30A0384E13A98C3EB7AE0C94A6314E28583DEA47A9623CB39ADDA0E23B5338412572A28A98AD3B7BDC4E0B92423C6AE479EB61C1AAE6C525AC475533CB1E6B9ACF6A74B07E02C58FC458AE5F8458FC12C58A962C54B163F1159B162C58FC3639E8BE035EB58782E4654CD8A18A162EDE8FDACEDED08CD5C0901C742E0F0C8F0D6409A98C38E9ACDC4988B90F320EBEB1761739BC1451A1AC8151D4E952540896FED653810038DCD900988D90738FA2C89433C8C349338B9722550980D413B666A810492CBA672B5748E120271973AE281469844C2E1E25A4CC521FB7CD202A243AD3183A77B21A46960198E62EB4D597763B8AD9951280F9AE23A464E53D6C502159CA663F4B34325A2113DDEB4D97512A4AD4A98A28F6DB80D1D3AD400301050CC8C54383E6F1FF003650C51253D6E087DA98CA7A57762C58B162C58B2A039238B3F723A6C58FC9162C54B162C58B162C58B158368775D543C058FA3B4DD424CE53EEB0109025443EBD6C55843A7C3F845F4A5688C32139F64B07F5FEAA9FDE8499739272F9A8D38398DE5714817184196FACEEB56625058D6ABC520812734F5CFAC572B24BB0E30E5DD90CB8E2912677D629E50C17B2191F8A2C4999921274C71E3AD9E36A120BD663B5982C041B48EA262698B092523D83AD7248C254C8BDBF9572009D8A61662CC1F6250C91B3A6686C11C21A1A8F3F8CD286C026399F3C59B4540853ED72FD17BDFACBF762FDDFD2C5383CAFDEB5AD69D3D2CDC9B301CF7AA6E3DAB8258B019F75276165EBF88B162C58B162C58B80D2C56CF8ACE1749B15114301364E67456A2A54B162C58B1520CD147881B5F019A4045311BD61FB8AB09836A23D0D7C598C8046612C311AE5BFE59818C6E327AD41D2257E1FF93F0D6AD2CB2CDCE53E3EF66820C69D432F2A546E467B7E09609116485E7AE281276504186231F58AE0901896E26737310840CB68DE6CC124048740CF97C1504D12000F745B2411748CE30864C44584D3C710446433DEB504CC311C464DF4FB5840221163A39A613266706D832FD45084843101C765F3EB5E2A7F0A4CC624A6889400765104C97F4D3F0FE1AD65A9173F158A7E4458B162C58B162C58B162C54E8C5261CFA5D575509C58A2412AE7A54218843998F7EED1860AA1B3233B8CACD83181D3F06A2C57B60DDAF2F15D023A330F2C9F8B2B0D6C7DE8A0EA2EEC54C39776FD581189EEA964C9D27F85CEA0AE4CFDAC8C4192F0EE68163FE27F0C59C89628610825E87DE2A4D0D60CC20937A7E6B25CA3BDFEAA8AF060E0323333BFA8AC51DE0093324F7AA8530A109AE7EB1533100C958CF3ADD5CDC2B747F935D41F10383B74A8D5431B84F4C6F59B8C571132729E1BAEC1889C21BED39A289984C327C54219E52C787F8A54001662C3476AA4A05EA221EB4D4D051A86BE30520A7130BA8A367F13F86BF81C3C7E48A4068F9AD844C75CD1C04D258B162C58B162C58FCC58B278DDEF8AEE0C358350BEE59B255C8BBDD83FDB8449E7FDD679368A29B85967511DDAEDC3A1849A67013E5C6771624618875AC9603969726C70F773E97091D0733E84CFDA8902661817C0D160F988405F3FAA2F506B03A33BF4B3A07460F7ABC0A443B188C76B83D40E70A46779DF14D215224883A64CF34126A236EF5E2C8F0BCCCF1F8715DFE38FC2D5CD8E4D48645C9C3CCCF6A23C47A1A0EFE16EB84638C450545C52640D9D2B64DD8CBA2623AF7B98009066163B19A26482489491E3DEB008CA2739ED442139953DE7F544131B8711D0C4FAD3C80461BBB9C13F153C22499DCA7E18B8A33230A0A4C4B8AEC512492BA67D95DE879E9D1CFE29BFE5431F6A023189863488F397DBBDC735108EB3469F84FC3F8159B61E2C2ED5B740720EBD8EF51E7A1733D1D17A39ADB0501286461F238FB37A9E89934C918897477A120C27923F0DB567D1B26951397B5EF6AE581E8D45CD19650AEAA3E2FA4F167A24511003C4DC6B8752899D2844F0EEECE3561FE3213A0C1F7A99D09121F43AFBD29306A7042E1973AD57C455CA4066420D138776078449B329860D6437C3359B52C403AE78218F1314D4AE4367D6347B341A0C743D277F6B009837E7E9EB58ACA81CC3F34490135860A09A20BF43607152A908674D3943A104E1C44D145A4E67324E131E95A9A04CB30DB8F6F4B044D4464C61E268458F54070FE31FF0D6E671BB353D2F230C3EAAFC51CB5241378769C623D2E3A10FB0E63DEB485E4084873F5E6C8F0C19049C625F8B004C8C92A479EDBA66DE18DE08E5FD56C0AB39459CEDA8E10CC613C39FB51002A711ACE6714A3C7978918B3082242D7CBC26355653CC20C3A77E96009038C61365FA52211ADDD2B820A86E198FB516781D9A4CBD53262CD42086749A5E2F1F8E6B5FC02B46BA691343819101338DEF839A2E2970A493CF11187F95348A4BBC6117874749B253E8E2092253310145848C1944B07DE5AC508960BB31D59E02CAB516767CA85EF3D2BD465E6CE2154F361206AE25565B96BF10B69AF2F163C334EF6A0421AF21F35A623DEA696123CCB3F338A2D00C1EC726352461A34790AD8E71CF3E774CBF8446004D19D3D2BFC3065AC6600F1BA9D88724E4C4EE3863F55A203C5C395580FED6491C02A676824DFBCD8E47E04A37FCAC26ACE5F7FE560072789BFE590CA7F77F2E77299938B88C5D30D8221C9A897136195821D5C6E2994831231F13376C023963CEF8A494908490B7CD2836226DB5975166AC16014C012DC7B7E3F9557EB7DABF49FD5208F512FD554644A409663C1BB08322128C24F3DA73DEEE285810E75F0D77EB57E56018594071BD596D00CA157AEBADF492488DB8E3151CE2DA18224E2737304779FE55E3D297F764CF1D893F6D12ABCE539D0C711AA7942A28978F9E9C54140C32D33CE2C29A6323DF075A481A329AE63313C5D4A044026785CFC07A4DC4B1091885967C4D4065D332141769CD32FDD617FBDA744259275207B357A59B374A6639CD669CD1E6B06651C02759D7AF4A601990CC8C7710247B5401B8819C9058D111AA2C07425FDA635CE2C032295C2731AC6A366678B0838CA6213B0930E9C4628C8748CA1D3B78A33856973425D7DAA06129CA5C9DA887A2E08D7432BE0A8324797E5E3C1EF678041E1C592CAA6705574AD91CEA76A6A553AC50F8B2080A733D5F63BCD50154C6D244C39575D3E28DCE6A40220915015ECF9B3624254CAE9D8187362151842733282B51AC1505640C504472498E4AD9D040120312B19D6670D09B37104B9DA7CF8DC5394CE95E09667BFEA6C3F2451273C1358210C6150F128EE9D6D184C5C7A9F4530EC8248A93801AADC4692C446DC4D180B52233F6B2B95C996711FEF9A264114E22E7073313726C218C3E88AEFB5CD4C5C3C75F544600406A1EF523EA3DE89604C98B58DD1C989326138963DEB81CE7466645C1D82B10C54929207F65CF5AB6CC9E45067C7FB534A5B443B63690CD8AB3888E55EBED5431412C00794F5DD4D20D824652B3CEACB977411AA0AD62D5C290903E6C473255E004E1428C34902A173CF4A4CF502260EB5E0AB0AB1CD8195DE77AED499A8F93043D633EF625804A262E9DB700C7A425EFBC5398B0C5D2CE75014848E93848A41001420895A7178FC62B721CC226F98B1208D807E23ED52408002AF5470C776A3E94F201ACCEFAF9B9146A409B06A2713E99A3025BF4FDB2473091559511488901F7478DD2C244C59081C3671DA3658E05978A766926692088D5E6095580A4CC91C737839F5A15297B497DEEB10CB8C73789C1B76FB585A0D15DD90EB3466D966F4A5630C73E837C19CD8C14B64164EA6B145124199604A2ECD18C57C0B84945DBC6E2842C862070C877D6BFB4C3AB722454F061AA11090735DF1D2F3109692E76BF537022C42098716228F86702272BA0FB7AD9BB8084E7B8148E90213888E4726C0400440B31E54009810440F7D5C7D814AA5E53339B32CA33C874A8080F62B10C123407B0F7DD67724108E21E9F58B2D9B3777B546543A8F6AC9126539A3009504F1FF87BDD1C064CE4FF0069000E26059679D6527B77BDB4B99098CFAA5925AE2D0C85F18A3E7219891091CE0620717287319276CE0A448956334CCA78F4A21123286B3B36DF802A90A5123A7DE940C18497F6902904F5FB5620ACC6D67592E74822F205325C919AF058000AF5C11490918290C782F0B290C018CB955C218FA2C2CB1E05F11D689330D744CBBBAF4B1D6994C1E0F363073CCF2E4C25946069D5C7F1C79A98B161024C65EEC6E28DA7848CA7BAF34424C4D068587C39C4F3AA6C384409C98271099A911109C442171CC7149C4522504B9186F5EF4D40832472678D4C7B355A1759B90442E461CF5C58738F5AC24230C372291180D4D0D961DABEC6B72F71FD19A88933504780EBE66EDC9EF75947F9420C433F5FBAE11C9A882E2E2A1E0A49C4BC15ED52193B22E179920EB747F2C0580A41DBCCD3F4532C46244E1208CF5A7182615107293DE8B31412121CC26BCD82C9B19193B7CD4229A125713A8C69CA958286CE42A05C8DF67C9472402E01E3A735D0610C8932733F48AE5C621428A8719D7EA9A15C2A604724E2891245E598D0455441C82F024C0D414B03BC9C6F2EBD2F2F34D9E6848449D0333B616C4C408922A7366ABD2FC3B2393253A451B6089A4209EA2D215288C4493F134211D64253B0F388C545209044396CE2A609414228B39E1888EF51133122201326B7AD50244092F5C40EFAE6CD30241CE71F1EF44C6F28584907BDF49FDD53341A4C7A5E3FD20A44434FBDCE2083A9DA6E6EE1A39BEC9206720B0EFD8A9CF0FADD2928E8D600EFC5598F913C5061843048675CCB8A10CC9840B0473A1CD094113380F1E9373623B460D84F33FF008D0AC20A940FE19FC16A2E684EF8786C4F86E48CF0F57C5974A60C31286C827150E3D3872679CF9A511B619705301CB04D651AA3D6944EFF007A51103A060633D4F6CD9302294A72A49BC99EDCD0BBF1C2F86B6006D1FD29826F24B2BD617B58119D52CF963361610620441EF7060F897EC7EEB2A0DC8C9F7B364B3A7E233564805E10FB11551913992FB9AE9646C984F2550006556028463C3103FBF1656B3EBA3C151FD2C26EAF92C2488E737440E1010895ED38A46D0590650EBC19B3933CC0B3DA37EBDA80C7D4C40E6678778CEEB10126520E7F66EA8127101CC9CC8CEC4D84AA057228CC6B6658DDE24D92449621E7233BCE29B236620B9E5CFF00ED10195323976C612C0C4688A7669DF158E2282A29D63BD85984810E3A24FBFF00953A05097069381E6F2D6E9B34E69374C5401D48378B0CE2EA4130EB04D7F0B73B82513E084621B68410491707CD7B409440E2396E6C082A0C6F0D2289202248EF3FAEF468A52887B1D67F75A82030C1806511C6B16310348902771D7715831DD94664EBE2CBB06A0A61B73D66E90F25948263A574238440C67A35A439E4F0889F9DD792D88948FA714C20D09B02E5C9E963B998812F5C5CF79A2E1004BE4DFADDD66F14CF218FFDA2F1E43D2E20E960C8C08400630CF4FA777469E8E5967CB97362B8612F53A1D9C4B4889CC08B472E723620EDFA3372BC9110432BD7BFC54FC114D3A626C2013212FF0086686AA20540CF0DC88B5632D1A3EA69411170A21071991D993AE6B3A5BA1DF98278F8A24831B2027197061AA3CEC9332339E3D36F35AC8A4C449ED8AA23048707512B1D98F371CF90A473D92A4B98786E10C2142F83C553899009898D74A820464103435149830351305753B889DF193570708D6A3DA28A4296F41E7CD5C3EE2148C4E32D787048095FAF7A0D81AC98B2B2C1D21CD8C04AC6A23CBA3EB14191C60581CE79EBA8F1781D90217C1E31BB0B5C4EC94D3D230463750638400948CFBF3CDE7A338191CC73AC5621D2037867AE2666CF5A880208C7C1E6F3590141897B673D23A59F746880E10F312DE3164BE220243199CBA3E6918C12021CA667E7B5D22D0B28F27F7A5C83C268633C762BA164A12CCC60277E962802609C3399C5927D1472E043B31C59A583B0E2881D88CB3456C595F98778B0429021DC43156AFE11304C32C554454593034F6D583BA96300E4525A86209634BEBC11C58AB2AC373CB001C755F2F34CC0441394BCFB118A7174C8D08263EF60C358410E127AF8F16190918591A9663AB4448C40080753AD6B9B2B8C63CA92ED1E291989CF1EF668C50C702BA012601F9BD496DDD2B02C896F17C407EF50845054427893EF6506300C3922780F10EA8DD30C1312CC8748CFFED115CB0882CBB8D69E20D53A230065BD32748B09E77818871CB3E7AF6DD499D8CF00CE75A8C5E6BFA5582570463CD3B263094463B7D9703F8E7F058B8934E658D71CC7354721E234243EDF3501952121C6EC4894AD4138CCAF5C7F2C942F590D71D57156B226D9E030CE7DA6C5B9E4340B90F40CB4C01A8833CC31B19F3454F2523E87A56193878A88CF5B202A59905D9FED5DA5830A938EF662601D82B0FCE862782CB43B3954FBD840589965D902FEEA2C81D0131A3350793838365D99641BAFB97511450257E7AC578CE6493A43704201884BD863799DF15CCAC996481E1D1F7A910C844CB052C6767137018D9427A98223F5661A006F21C1F68ED6450DD8F5E0E3DBC57499C16536CCC6E309CA95420F660518C6088665E99B0C9384493C40C6272EFD6AB30C2893832BD1BFD580422202C218D18638F15FE108450C6610DF114C330D8C1E808EE1474948A15F039C6AEE8310725332F34C21AE7196A18AD92F540D71AD6F3528922C9ABD711DDB0F7920E3A70CEE3AD5861188C56B24E658EF5D609C438F2DCB84AA1B4C63143086EC0C7106711FCAB98B6013239C7B0596E16194AEA358FA8A3224AC8C46FBE335094C2E67284EDDD6A036E45394D78827360006E20618853306BDEA9192216D1E3D7B58751523D061C7B475A78C60C8C4E181F3EC15268C01505C86F1ACC7A77A2A7E8008BF6AB6F1B2444CC9B826D00C4E0E66AA7CA841985A1238CC0E3307DA994EE7CD2414219425C2F1C4588722A4053A470550900719B3194CBADCE334B1D996520467EEF7B0304089804E63EBA457C3CA04C0B193C7DEBF199224415C638F42A63E83D6C608570A005511D565C440189ED444A474AB0112EA9B28765339B0BF2513E7C52D612874CB76113CE533EB8B011D24F80CFD62C1D94197D920EE6A840039C0CF35AFC3238591098615F7B81E2886471F098B9948829578B06B288831077C67CD59533EF5F5F76EC915963E0AC0E02C11307B5E382B9B211801FBD670721F7511D52321C59833A4689890414E0F7A69875899CF99CD951190C89E1E8F7B8120AC6B2FD6AEE28408C1E6471077AEEC29199F68E2841432CF0270B8E0F31666889A10E9042C463AEF75678A3D49E0D4F6CE9CC66A0A5222A80E1532B3362C8910CF3BDB1BFD553A61ED771AE2942B1AE4C1C91BEDE2CE5184E3458FF1EB5168D1284EA4099A490A61048E63BCF174608808FB476EB704262489B8C0328F1C59E204598938953BD0618485383A6DB75D5E290B30019991FEE6B881804301719EAD68D6122AF740606BAC0F70D9EB3189E2E71E74011D53239CB53064525E9A6302679EB35625068551C8F3C51930E2785C413993D1A4CC4A129EC26DA43506DA04EE675119CD20A8CE9850DF9263ACB52BE541B3C2AE0E444C331B8F360107813EA4FD7569AC89A4AA5189E30064E94D8A6626501FE51F7612EAEBC57E7600461886860C549325EDA6C45A6091080CFB5CBEAB34444ECC0C42A73D428C628EF9F8A9904A4E1D11EF8C5693C9893CC388DE267CD2A458D995432C9E1F3C504C271305DE5FAE2CC83439919EA4D96A11133542300D3763FAEB07DC9B85802B393964627314CA09C24BDBFD532BF5308C3A939EDF7BC9226413CA4D5CEDD667EB541A679125EB3562E410689D41CD15B6C5A4F30E4E96672906886BB9CF6E972908990398D44D4932320787278A33045C4B87ADD888327A758EF9A0194C4A890C6DE7A59ACDD5BCF6BB354CF7AAAD2D1C5C0025E392A379FA3421C632CD0E5643035C859A54D87B501DF0412EA5A86352EE30CA46627D2B702CB0085E91C9AA9088307ADB23D7AD2AC3D0E4F3DBBFA513287194E0B0BBEFE6A1B96B8210397A671ED4DE0C88238110C90C45C850302929ACEB75422F27C87B3710E344CE235DF764142090125713FDEF51DA92E01A0957F5462649C8C84649CE2920728423B63ABDFD2E78EC05946318DF5C18A6202E11081C84B18E3E6B8C5100173312DE173884B1B90442230CF5444749EF491798041EA674BAD021033889E99C1A446F9B65D7AE8DD24BF41AA5BDCC18D3AF2D019842668E5A7C781A15967688C7A2C43CF9E69AC019187092A67C5432CD0C8179E9CBFAB16B92190F32679E9DDA0DEB17519889F439CD8E03330017E3761F16C4813819EDD28998A00A912CBF36318243927B2D79E0B06425BCF5AA1BEA9A747EEFED912F5A7A0A3B57FB4100011C2B57D3F369386466482EDCBF5DEA68AA61784C476F9B36226CB21CF38D74E288E5041297837D138D6AA1CA02244834C06F59DE69DA8F7A3BFD35CB24712E5D7D753510AC92C199C478AEBA2398751DBD6EF681CDD4749E3C51E0B98260E35068EE74A51180425E4621ECC34C1B814210F286506C21003193E4399371E2B01BAE4A72F6271B8CFA5138719161934623A5788926194EC28795AF72587AFA4C4274AF1BB097CC01327D79AFB22101C1932EA08C5401C82C1C3333D77DB3668834A8E4E7BFEE893B40699990D671EB4162A0C364E33FE502508C2394F148007B533636D1258AAAB9AC531610B98AAF93F2539925C610713EA9ED44FCC100F4FDE0A6151B9387A782CE8C4913A718ED5C92B43188EC36FAD9B6324A44C718FD5752A6CA9A9DF9B36D91090FB23663CD80E7707B6B3BA422104AFEBAFA526F6245F514E2AC07063975B9E295200026E7AC74AC2C0B5820E5FEFB55C3D1980B1D88C569311A1111D9E1A9DD82432E9318B3A6F510C61830827D6828319B3A9779746F5161894173F51C7FB613311E34344672696745C0AD80128D64C5CB86C91973D9E99B04D48919ECE527C4D41071848ADDB9C473107CD2B0CB0B59340D1EFF00140454E47B0E2588B82D4240027601AC501E1DAA09718C77E4B3EE28CDC4702538F5C82A96A3D3AD96CEC91525E26F1C2C0EE73BD160C7222CA08C4931D58B800A3D40E463695644CD17129CBD63F94BA44E889A0224DCD7ED3AB198DBBD556804424EC9A27F0FEAA291CED1FA7B5811AFA8FDD4B89FC050344152078D44C258E699C32BC5124593964CA47D4D4E6374B910C86F7E392A13A282C4ED0633EBC50784119369B5EF1AFF0069C601C6A3BF1649FBA4E4EF1EF628E0998E53E954808324E063B75A269893C8EB71CF9A025080123464D14A5966689188679E4A2DE6E84FE8FF00DACBA2D215318627A7F7153C8DC95C92B1F2529C97BBA60938ED98B20E57C9B1A25ADF8F6A1ED7094872A08CF46E64CB20F2F598BBEBD149939F4F4B809BABA7B32EA1F186E9E332139A274F7AE36CA0340F063CD682D0250CEF81E9FAB1E4197C4269E8CF1DA92C4929245E1D77DD1A7648A2389B66B5C65BD47EAB1B83A42E66DF575AB34792FDA69399D127DCA0BF56BC00F9043D463561720C2623BC73718183A21AD56889201E77737637031D55DB706C2483067887C5243CBA531ECC5C595915F013C6AE5AC3806521BE3E7A59EC941BBA6374CD309E41E2305159611B1F1DBB5D48250E21823D2A5F092259F58C566814B08F6E6C339B10811C353BCF7B08C69952076665FACD7A40418E5CA65C712F7A45D62418C4E139D743AD874409ABDAE9FDAC94FCE089D9D576B612B0D9CE9922267AF045CC0E24E09770624F316640DF3008627CCD548FBBE3CB198D6FDAC73601C92F382788A5815A2D93825D1D259D49C8CC8BC4947AF1965878FAEF524633813163754530CC1CE3A145D604650653334DE130C8C4E8EB5C092C643D719A0B1EB325A748028C82C4C4CD6F25BAC4F89E2B44933006A36F467DE800253418C78FACDDA8867209CCC0478F6B2E646C47A44FCD9D090B0E5F5AB1300490B3FB74C5190E06003EF14D9A393119F6C074AA48329865323D2049C53730949A7A74C55984439951CEA78B3B60E23CC149892C900257AFBEAE14170C4DF6ED660465C621C49EB164E10949977A2A68CBA0117A9EBB8A8A00625641B64B3FCB96021EBC524DD8489706DEA84EA881440CD45DCB875C272D22CD12E6B9C67AD36DA9958ECB88DC935390A408D151F2DD17B8A378CF63DA6894419500F669026E191133CE9EED37720A41394EEC631C5201A88081DDAFEACCCA09084008BCFD66CE0015907222FF006F0F4A8813CD1C77F0560E1E5811DDD7D9A500423017A80395165A3C712A30F40361CBF43B3550EB024B0F07C2D8EE0CB299AF40144E5AF12460CB953A944419C7B5808106104E5A0E16A3859A198104443CCF4A6450133831DDE2A58044DA1EB8D51431930421EBD6CCA16D11FB1C4FCD793536062CCF11ABB1E598DFD0FA2CFC08CAB81343D79A10279A2C078E6B81BC003E449FAB1E6C21828E9EF64C000230C72875A8862C092F5E9BD5EDF181307838A364D2A41F9EC7B56C4B85C9DD13DA8185001A939707A53D24EB04C768A55408030183EFDECC250957327AEEA3B260244F0C76919CD10638C0CF93A7A524709C0C81F5CD62880E463A49571029B995B080472D88713491394A49CFECA925A58997CC5770769465DC9163EB319899E934B46B8090E66C72720990148F0D04433EAD651D2182C9C37B89B9C3039128CF9E961E501500633CE7A57519238E38E6A70C403003D675BA3BA0112EF7ED5E04D415EA18A1E94B01299D8D18B2B0CC81260EF8E9DB170E2460881F3F3415003418FF006994138866794F73134CB2550CC33A1EB6711511A4B8D3679D00C6721F147CEF3D03D28406439C1F09D2933007A0FEA9F580494E7DA694AEDCB034527BB16607DD127AEEE87118316C29242C03AFEA9C123978A1B65CA3AF40B2045CC4485DF360D8302124E8F69BA91403B846F891EF7297433967ACD4B5C28C108F15E0F0C2A526C1CCDBC51558345E83158473F63E2B13A9744D918467334DC58E26E5D6F5299981C698FED566764CD86480CAE4078DD8B3999326F8EB152B8834021F57C954E103A4ABE4C0FAF146E012A7111B8E354959419D837119FA9B0BDCC4A3D33161E63CB512CFB46F3BA824AA103B76BAE4980498FAEB58AF0F2079AFA0208193ED9FFDA2DD324449EAEABC0111327F3115D98DF3B1E9AAC70BC44B079FB5C840CB3C23180F7E6AFA0CE4DAF4D7C532C431801DF5C07CD40724CAA4BB2EFDA84108A07318772AFD45091E48033EF9F8A060126066637BE7B5998101E1723DAAC5C081D18E9488C80C33653B8E292ADC3983189CA6EA26D04355F12F156114A3373AFB35C17C980CC3B8A29741D221FAC5102774487D68A65591472F8B0915C9A2A6D544A3EB14B141E430679FACD4181E96621DFD2E51EF18ADE52BD5140CF742365A0E48FE54C93B504A18B3ADACBFD8F7B290CECA4FB55B2347128F7AB89532424291146E4C1F7FDD862C39341F5DCEAE44997FC0FF006C49958302373B8A5054216211335930C016678631F7A4833D0149C649FDD26800889129ED500C88C4047597DB14A467418EBFE5902589EE74838ACB79248FD2ACE1123107CB4822B3131C79E71619959D4247FED4D7C925FBB748B2E6C04AAEC07A08EF352355E12A718D458903268643EF572589B80B9EBCD3AE1894667CD0A707C1F14C14BBCEE928030E24D8CE09EF83C50B68EF19A346CE581344A5F85343868A814B094E9A2A413CDAE3DAE48B935F56A199794D32AAD9E8A86247B9A3399DC0D580401A00C77B89A83D973E79DE17A90F54C7CDD738AE616282FD2C004871533872EF9AB997AD02188730A8144A351AA476F3D6ACB9F1498CC055C4027937541CE399B4049CE583565D9D814FA5188688080F4A240923A55A48E089FF00CB0E577C2900826560DFB597731E9F6B2C151AD85CA39F1358393B2668460E4E318AA704398356709CA4ECFEBF6A0A32638306C6763D6E6734EF681215B03B9D5AEE87B1857714E5E292A9A4EE727D7357A0673CD00801C6E903829C3544030CEFAD8D4108E2812249EE8A9058124E55B9C088B28849E85496787489A206DE850441806668875B189AB0C31BA9329E30D662C88EB89B821946009C54E686B4D6C8AC740FF6BCA8E7514482C31B501251D11A6443ABD5A332458198FA6B829582125B2250753259383F7A100CB319A0154C09A3293D6A061C5CC96261230619BA449E7058C97CD25E6F18289337406BDA04C0925C32CD9C43363633B83360C6DEB495058DCFC573C90E64A94243A4DC2B03E051CCFB96647144C228A10948305E769B909FB4971667EE2CA21DF5157AF0428EE7C4365C24C687D4D1EC124AA6283096771292ACC21D51171D374495199339CDB3C0A1C426E8098E55CC161C67770CA477A0081C2316426FE266AB5013ED5099073130B5B88030CE5AD090071AAC9BB9603313163D8F7A96D3DEE6A710BB6BE6C22BB05933FC3FAF6B8304F28D7526DC31438E13AA167E127801F34811178593D03334610EF988FBD11654F7B202521A8372EE9F160EB2CCCE1A92E403BCC36242329C6EC1C90791AA6C41E3DAE7840130463D684803931C5651B3331D68C0E5C4C7C5C5243DF2D8C9813DB7654E08E3450CCC4B416593ADD9591CE0ACF0931DDA1428064287813156E1279AA9695E0E7D6808594F6B0339BB0B2FEC3FCBE3FC6F4BD9D4DCFB7BD38BAA3F957BF6B56A61C304BC067437A9F5DDA839F83FCA87F0D97F8AC1F3407F57B11E2D11001E365FA6F8B2D2756FDE361FE5BD7F6342613D83F35C8F003E5B8220F47F2E5FD5A2D7B2AF71F0B8F2BDA14381F8160380F4284C0D8C983BBFCA009B5DC096C9C2F42CF4CF42B97378513F60A0741E02A267753A1497AC13DD7F2C0E2B40E4B84DD822C12C118CF9B863E255B2465E4F8AE5168ED17F798DD907B9FE596CFB1ACB9F6548A4C5D965733F85650E7485810A3A46AAA03968D20B969979DD6AF462B07EBAA84AC759FED0981BD45FEDD5049A7FDAB1EDE7E86C5C4F5FF4B371FA7BDCF32BB30EC79FEF57653F5F5A242A7D7CD8745D2E22037421FBD50489AC158120C71FDE8D267D3CD2F5E139E6CE709D665A92CA7CD51899C2780315019FDD51923CF450ECEE36BB1A72D7298BA3950CCACE98504C64781A080B84B5CD313BEFD290C110C92161CC87522A1F723DE8672F1094032FE0358C087593FB7680BAD2CA8213C61509430C06AC43C89C2812501424E28EAD964215C0FF008A21002F2D108118D6773583272699C532B618828C012772B4991BFEB9BC84AE0268F81BD5AA7054E25AE581ADCB608E3DE5A0609E372BD6DB59686A08B055C4BFBA8440AF0B0DCC903C3D170840C38A653C89A73023509AEA784ED3441565E24909049AFDD351CCC67935165519C5186C8E804D609803874D251822654C5182804D9CD1707B48CD3289E8D4364FA455728CC6F51EB725461C85921043CD4C24CBA1493033B1F17299CBE5733211D5515893E0A3CE58EDBAF5343ACCECAF7139ED5C598790B282C1C4D0C6571163519BA4D14C06757A6BA9D520E5E963654F2ACA1120E119A82451631D2F1125C01703C3192824B27A1460E9063B776929A9C4193570C99AF6229B6C9C75AC9900307ED60C4EDD243CD30E9E92C0D6A920C0D4440D2363A9670C7EB548831298977E949412458E8D5C080F998A68433A755E98C32A896934BA289B21127C866A39EAEE609FAFDD72011655B20604D4A3EB54472A9CB9CFFEF1753E499BB0926615A25100F3C450803BCD061633186C190872763746302B0F1661906170547922EB2F5EB609400161580A9A1C248534432CF1609D7B13AE99E6854E032E8D92583108E9EBD6A1F239E6B0151B02E41F5A92C80997A5984D0E4300EAC3A8091324DC49C0E54D090E08E68A8930CE49FAE29C94DCC0FDD0228260E3FF006A04B06750C4D5F9D67A142299D898F356DE34C99EFBAADA5137C4542924109043F53663B8C48238B20CA563353DAE2B004298DE6A448311019A313271888A6020076EEBC92C2F4CD6245B2D23673981A00D5B93541B3A2D99B3A182845C91D2E111338C9490118428922A83494006BCD01CA5C7F87D6F3E335C3ACF1DE9213C066028040291E1FD53130876994EB40DB7BF3E1AB8F12639ACA304298E1B31056E67076AA209314653B52488640835DFEF40F0232E9583045CE59EAD5403021C74B80059988162C27617F4A20C4896793C5198A7487E6BD9081894CF4FBD0BBC84077F3490228858C570892F2E73D284071918DF89A15658D1D1EBEF4E210E44CE78A44CC08ED41F159686467ECCEEC093D3F5413255D9D7D66AD6CA608498A043191861BE96615934990E914011008326629F1FCA58A887A18793CD00181AE93CFAD2611CCC79551009598D756C24E1E8E42AC646DE8AB4072C04F514A40626703430841AE17350464315148C860A220B8CF09CD95D09995D6BE2A0040464666821BCE433353604358348EE80242BA333640948F231D1F6A042B09161C633F6B89129625183EBF5532D426713F3741006332EBF766702647AD619011CCB84F348440F29CDC871D26CEFF4D29813AC31EF539490C90D4E736731883511F5CD5621C92319AB251C44AE6E0C77A9C78A23744C65C9F5F6B044818C346F74E831E35FF941D9890227C3FDA454838C3738FE506A022465F5B3B73CEF6ED471904323350882FAE10F34B7C058FB317A02883B138ABA048E109B0082AEE0F35504A1FEA7A6EE00E250263FDA00294957F56250448CAAC858C4027DCF4A09A922570968E059E635161E452C1FAEC5680862C075E2C446132F0F8EFF00BA04C0C933A11F515DC0559754D6068C23F5EB6611038931A262A8C8796765DCD2750C8D0CC2230E603762C4E99474DE71CB84D3CD1105435182A16758D0F9AE974815E2EFF594FD7DEB196E50B18FADD089276131D1B01100CF21B320C65956FEB74A4CC35C1F4E77444661AE6A00ED818E7B15504BB1712B3BB04D0498D74A17D640FD6716490038CFEAEE00F1041A81C2320BC3D7D2E00A0C1F72E84F3235BA940189E2A6C0103C3648897711B3B5C2001D3F57B2632B86691891BD4BF5FCB84859825FD54423B104B38EB48B030E5FF556609970CDC24C3831340B4339D1DB3EB4524C759DD8398679EBADD8920E4D850B2613129398A09338398C33F4D0007712798E6B8464814A6655419E066C4920B3D753549C8E01725300E04C3BF3F5C5525100EE11E6CD26E7009DD1F249E84F38B0CCA1C4813D9A02099293AFAC7B5400249347D7728A84A724C1E960C44525C6238A3392400C996904209065F756A6030C9C7EA84467413EB1733806841D07DAC520EF08ECED414199116513BFBB564E41C2F40E69D27C9634FF00ED1D6291C7D7EBA533942330AA4F4A120C3073318A2C9E8C36555308394A09029F43EBB55064B6193D62AD8993A23B58702113B75D7E6E13239C249E9FBA8E1C7F22BC10864837FE54701F42313CF8B0124474067A7D6AA4E419002D9E17D8653ACD834DB2E7AEA8C096495DE3D7CD539808664433A9F4A49A05CFE9F5D0AA44189C61862A82C60E49FBD4080270024E9C51EDC01380EFDF3514C476BECE6C8355810EABFC08C6B1448B8608CF6B311C6700EF9E29B0CC448393C564D611953AE965128E36C598B207672FED863279148128B6020CB3E2C0C50E6127EBFF002F13A6CC47D7EAA000D42938A142176D5662312E0FAFAF6B2856662467D1F6A626232AF9F6B2CCB1D657BFD76A934853426FFDB0AC932B8E03BF5B80C8089415F9BC140BB3279A1243DDC7A7EA86448FA23E88A4D903848E39A12400710C33AB099E733284B11521993E68832CAA0904756D79AB0027599AD29A7004FF00EEE927984FF1A8119824ACF5C51C04A44E77EB548DD6C271FDBB0065CA750FB5501C110CB4679F4ACC4E4E34D91062740BF5ADD76E62641306BEF4B19132384F365A42461EBE9F1646436B08CD190F3A34F4689130A9869E9674CDCC0862CA38963691E7E7DAB2192811DF968A889312A290F7A1208DE65A1A70907D7D6AC8098CC4EA4EFF005CDCF821EA69B990964E4E6E2115110CE6C6C0F427151231D0333CD949963A26B15E4349435EBDEA56ADD8B02004F13EBEB9BB25671071EBEB552155920911A11C886679AE0049089EC776BAE8E0394FA9A5E49D44C1F5348A3A4E239A2B306C0BF1EF6036F88270466A000B39CE22AD39B8CEF1ACD792032C01AAA08490CAB4F5ADE90A057111FDB9144699FBD4938CC268B2261309CE374C00060413E58BA0F5BA598130C9860F35C118EFD4A26080C40E7EBC50E7A69969830011B5C0776C0412144711D2A484019140535E95EA0098559EF5C898F44EA69A9C0938E2A1910738268013351D4F5A86498CE7F540302CD572EAC04C4C6109EF542C061AD174C4C3A6238E1A0E89B6C6087ED48D6412CF03D2E2109C4B2F8FE360E2F4673E9609542346A2E484C6608BC5468611E66C0890CEF67170650A3004FC94A4212823AEB911B12E8EF633CD19659817541949B4397D2898D3B2657A517041C3BA65965C4BB4FD173881D09949E6E1B729534BE6902CB26C363303D75BC626AAB4964181EB410B2810B93DA8660B1D388BA468F549AB25C88AC7A4F5CD70003A198EBDF751699208988DCFD7347102C4CB0C9DA9554071088D7FB511487813A8A45401C498F522E420A747FBF5F16484B0167FBF5A9A84B3E1D5DEC102A32C77BA08EFC659F9E680D418075CE26868430526C48040074B7321C80E4BD714C8E760FD7C5910A730633650C0661085FBFF00955024870EFEBF5595728E4D18D7DA80366083B509021E71408017B221CFB5101E8CA3E83F55DC8409CCFD23DA848751D9333F5D6AC48537D7EBFB58240025C7D78B188B96183F4D5371618371352401D108C1DAC74278071D1BB0074C0B56402874B2F4F3C7BD9E0D2367D4553722C19479A662C1101C639F8B23B019E9A7176D4261DF99EB513EC75B7CDCC8E088DBE68A94793E3C590F4B0CF115208900256086FEBB5066155119044C4F6A51906707DAC2772FDFC5D49027781A0480C0D00FB5884042B04FBB9A0618059137462980888CD904456730E22222BC1192218E6E30980C9310EF48939184D1F1DACC49A7A9EAF6C5332376F7F5AC622CC48633C6E8875B6463C57474631F58AB224A653C9BAE010409EBE963B06B49F5FF009441C5198626A0243EA5D63EBCD2294A71C973E9ED44EC263C3AD6432999F34CBEA9779A23284E41F6C513243A1232CD483ACE5987CF6A08B2FC7F9762615C2CAB3994AE5013E66CC0CA69177EB551133B85C67FB9B2AB98633A82CD404603CEF8A3299095C92FD7C59618D92BAA2519EA5E35504B7C74CFD7CD053598C3DE76D97642833AA88087C4584E224297D1BAA402C8408713EF5339C1A704FA2F323899E0F14019112119FF003FB48CACA12C94CAC1C42EEB3679E5EC7BD66002211EDFBAE0998C9EA5DC7B5905339BD43AC522E5A3412F53F753124632926D9B9594619EA2C6130B3B9EFAABB2548AB1F5FF00971DD9218050E54177BE9D79B9B090E7A63FF3761CB0808723FAE68E00B15E75BF5AA021CB0469DEDF6B95C58EFE23EB5679385DBEBF74225E63972FBD19A4711889C7F7354DD4651CAFD4D610B10B33FCFAC5C8432605327AF3ACD08BAD3D1715012E421EEACB164402CE338EB45221092451D560015699C2378680B849275F7B2E08E48110F7FB7ADD50A7A8F88F4ACC29E0210CE39A29908D1DF742C02029D1C6EA09E0B53AF164A7024EF70658D9B44FDAE025833CCCB1EFFDA030C80EB07566CA24672098C71ED60D22035A937EB5E70E4EFF00E7F8D40E00AE08FF009662981287D6FBDCA6C90E09CA62288E42240DB3CFD75A7727B89C572A2B2A7FB4208DCC6C7A592757904789FAD5C800509F57FDFBD761885C43DD281C74863E9F4511420399991EBED72606733804B8FAE6A936390ADCB582D15B6601AB243584C3B8AC8620CC75A0941DFD736418158E1988CFB54B24A564DF5FE542B14E639475F6B012579C393D6C3A489F5EBF3601040DB19D75B3F30E5F53FE5664DAF3B520181D8CB3EB2CD4C8E8F5038F2F5A430665924F49A600BB9809F57FF2A2A4A55E07AA75E68887074C91F0E7CB8F362404DE51EF267D18ED6790322F86BD4EE5860D9651BED9F4F8A43408BB77CF6B2E933040CFFED7502039495CE3C735C2204764C3EBC585902032671F7F4B27B9430EFAB3214CA0F74FB5364A6566BC24350A6E2361F536252D8016C29045A4C664E43E355A29082246CCCBF6A12638C0267EA2BB918033CFF6CC001992B839C6C6ACA0211231047F6CA43022B3FE38B06199220EAFFCB06551703D5DEB64CC385356400E3BC7D78FF2E1A4326310BBA8C7467657DAB955431A01A6648D3046037F352D00219209E7350B0AC68123621044974C1C52524C44276AC4E609979631F35B31AE890731750950CE8E38E9424E09103AE77EB49B24643C2344CF352271401CB075E9CD7AE183078FFDA42E8260998EBEB628412A0726F1AFED4322061A46738B090CC90CAE3AF1AAA10DBD0CE2C68740262419D7FB48C94CE52CF53170F06C735E845D9090D1E38F344B1C530C43AC5D56019045562F2469663F67151C52240C874FB152E50E5193E73F59A11246672948004560B3057C1949D49D27B53C32213B24C5300D2241CA54D65E70A09F5F6A8640099387C6379AF84850ED3AE7370924822613BF4B2C309C324C279C50585272E34C2059C4E27933F6B169178273FF00B9A2114195EDF67E7B5627010C3B3EF434234597BCE0F5A908F44A9FAE4ACA769587EFF5C524D022731F59B01C69DA60BA89865EA7E56830F58A07459AC10C657231CE9EF46F0B022301DF35D2D3849F637E4BEB2A465DEBF20100C69666E15681899FEE8B13111B60ED9ACCC210325EBBFA8A028546773F74B8C9332A7EE8518634CB1F366731A23FBB1E2C4C8673F38A54555EDC706FA527CF5E5D758E6B0E85660A1E989F3EF4C4007AA78CCD49336C4CF6CE2895B2E180F9A4899866633B3349F06668B230BC641EE563824EE59F8AA089C5780E918A4F8F9640D42AEA8991A40481C83FBD13201801C1EF4D114C91C09EBB5096650D8FFB6253090407E6B56264F1C26A1AA862C60CFE7EB9B23398980FDE3A59B7C5DA2CEF9EC62915210880F7CE6F3AD9C61BDF34C0508E5874544A331106DEB345C6E561A1F35CB5851CE7C1D6E3276554C7422371614089C706A38CDC8B4D14FB134494A404C0EACDC70B4C13CFF95B7F89CF6EFD6B908A505157F5FEDD2436E51F163880CF32BDE6287028D0677DFF00B71474E0A18E5E77BA88CA893299E9CE4A17187290EDD9E9DAAA431B0C35B5F14032C839743ED48C404B781EBFED154D7489976A11909613817A4F5A931EA9241FEFAF149CC0860DF9FEF4B90D4654CBDEF011B11B3A707A56213DD274EFEB67AB9C0938E37C7AF149106971214E33D6A362393485718CA625E67BD16184199107DF3D286598121E21D2CC2A3854187CD045C4E6538E7FB65720C9409CF3589CD139FA3DFAD18431840663B439A8C098126E31F37B62EF211073E6C495E0101B3240F79D1E7D6E234CACA04F6FBE2E9769A73E88D058080998CB8AC4194CBA0ADFAB589EC4B4440EEA84ACF6B888E26A8099DCD8A30564CD4EF2C5963396A8734C167354983DECC841BA7462A0E2A8AA431BA668116081CD40B330FC4C4E5C53CB57319B9EB7B53CB62C75A9058BE2A0649255CD49448AD067765272E3BD43045E6C1CBDECC37BB30DFC57473E2864C9E4A8DFDA542230765FFC5D7317F23F958FE187F2C402CC90087DA93E76747F299B94E0D4150489454E18228E61C90C1C54C590239ABCE2133027E6C0757EADD515871855C675C2D9081E40A3DACF6444767C573A66C65F38CFAD956EB3D47538576B1C3273F16493778207C57925233926A5DDB29F438A99990410C8ED8B9A1CA793ED72E70C84087C84D72C4C676435772A20518F649AC020399DFD668398487D281393E7BD8732D90AA679D79DDC532CA0009F797BB9BFFFD9');